series_title,released_year,runtime,genre,imdb_rating,meta_score,director,star1,no_of_votes,gross,decade,released_period,rating_category,gross_category,vote_per_million_gross,main_genre,genre_count
The Shawshank Redemption,1994,142,drama,9.3,80.0,Frank Darabont,Tim Robbins,2343110,28341469.0,1990,middle,excellent,low,82674.2608154856,drama,1
The Godfather,1972,175,"crime, drama",9.2,100.0,Francis Ford Coppola,Marlon Brando,1620367,134966411.0,1970,old,excellent,medium,12005.705627009673,crime,2
The Dark Knight,2008,152,"action, crime, drama",9.0,84.0,Christopher Nolan,Christian Bale,2303232,534858444.0,2000,new,excellent,high,4306.24593448505,action,3
The Godfather: Part II,1974,202,"crime, drama",9.0,90.0,Francis Ford Coppola,Al Pacino,1129952,57300000.0,1970,old,excellent,medium,19719.93019197208,crime,2
12 Angry Men,1957,96,"crime, drama",9.0,96.0,Sidney Lumet,Henry Fonda,689845,4360000.0,1950,old,excellent,low,158221.33027522935,crime,2
The Lord of the Rings: The Return of the King,2003,201,"action, adventure, drama",8.9,94.0,Peter Jackson,Elijah Wood,1642758,377845905.0,2000,new,excellent,high,4347.6930099321835,action,3
Pulp Fiction,1994,154,"crime, drama",8.9,94.0,Quentin Tarantino,John Travolta,1826188,107928762.0,1990,middle,excellent,medium,16920.30897194948,crime,2
Schindler's List,1993,195,"biography, drama, history",8.9,94.0,Steven Spielberg,Liam Neeson,1213505,96898818.0,1990,middle,excellent,medium,12523.424176340313,biography,3
Inception,2010,148,"action, adventure, sci-fi",8.8,74.0,Christopher Nolan,Leonardo DiCaprio,2067042,292576195.0,2010,new,excellent,high,7064.9698619533965,action,3
Fight Club,1999,139,drama,8.8,66.0,David Fincher,Brad Pitt,1854740,37030102.0,1990,middle,excellent,low,50087.35865755919,drama,1
The Lord of the Rings: The Fellowship of the Ring,2001,178,"action, adventure, drama",8.8,92.0,Peter Jackson,Elijah Wood,1661481,315544750.0,2000,new,excellent,high,5265.4369942773565,action,3
Forrest Gump,1994,142,"drama, romance",8.8,82.0,Robert Zemeckis,Tom Hanks,1809221,330252182.0,1990,middle,excellent,high,5478.3014272408345,drama,2
"Il buono, il brutto, il cattivo",1966,161,western,8.8,90.0,Sergio Leone,Clint Eastwood,688390,6100000.0,1960,old,excellent,low,112850.81967213115,western,1
The Lord of the Rings: The Two Towers,2002,179,"action, adventure, drama",8.7,87.0,Peter Jackson,Elijah Wood,1485555,342551365.0,2000,new,excellent,high,4336.736477462293,action,3
The Matrix,1999,136,"action, sci-fi",8.7,73.0,Lana Wachowski,Lilly Wachowski,1676426,171479930.0,1990,middle,excellent,medium,9776.222791786771,action,2
Goodfellas,1990,146,"biography, crime, drama",8.7,90.0,Martin Scorsese,Robert De Niro,1020727,46836394.0,1990,middle,excellent,low,21793.45830936515,biography,3
Star Wars: Episode V - The Empire Strikes Back,1980,124,"action, adventure, fantasy",8.7,82.0,Irvin Kershner,Mark Hamill,1159315,290475067.0,1980,old,excellent,high,3991.099862626075,action,3
One Flew Over the Cuckoo's Nest,1975,133,drama,8.7,83.0,Milos Forman,Jack Nicholson,918088,112000000.0,1970,old,excellent,medium,8197.214285714286,drama,1
Hamilton,2020,160,"biography, drama, history",8.6,90.0,Thomas Kail,Lin-Manuel Miranda,55291,23457439.5,2020,new,excellent,low,2357.0773783728614,biography,3
Gisaengchung,2019,132,"comedy, drama, thriller",8.6,96.0,Bong Joon Ho,Kang-ho Song,552778,53367844.0,2010,new,excellent,medium,10357.885171452683,comedy,3
Soorarai Pottru,2020,153,drama,8.6,79.0,Sudha Kongara,Suriya,54995,23457439.5,2020,new,excellent,low,2344.458780337044,drama,1
Interstellar,2014,169,"adventure, drama, sci-fi",8.6,74.0,Christopher Nolan,Matthew McConaughey,1512360,188020017.0,2010,new,excellent,medium,8043.611654391032,adventure,3
Cidade de Deus,2002,130,"crime, drama",8.6,79.0,Fernando Meirelles,Kátia Lund,699256,7563397.0,2000,new,excellent,low,92452.63735329508,crime,2
Sen to Chihiro no kamikakushi,2001,125,"animation, adventure, family",8.6,96.0,Hayao Miyazaki,Daveigh Chase,651376,10055859.0,2000,new,excellent,low,64775.76903176546,animation,3
Saving Private Ryan,1998,169,"drama, war",8.6,91.0,Steven Spielberg,Tom Hanks,1235804,216540909.0,1990,middle,excellent,high,5707.023239659532,drama,2
The Green Mile,1999,189,"crime, drama, fantasy",8.6,61.0,Frank Darabont,Tom Hanks,1147794,136801374.0,1990,middle,excellent,medium,8390.22274732416,crime,3
La vita è bella,1997,116,"comedy, drama, romance",8.6,59.0,Roberto Benigni,Roberto Benigni,623629,57598247.0,1990,middle,excellent,medium,10827.221877082475,comedy,3
Se7en,1995,127,"crime, drama, mystery",8.6,65.0,David Fincher,Morgan Freeman,1445096,100125643.0,1990,middle,excellent,medium,14432.826164222486,crime,3
The Silence of the Lambs,1991,118,"crime, drama, thriller",8.6,85.0,Jonathan Demme,Jodie Foster,1270197,130742922.0,1990,middle,excellent,medium,9715.225731301922,crime,3
Star Wars,1977,121,"action, adventure, fantasy",8.6,90.0,George Lucas,Mark Hamill,1231473,322740140.0,1970,old,excellent,high,3815.6796982240885,action,3
Seppuku,1962,133,"action, drama, mystery",8.6,85.0,Masaki Kobayashi,Tatsuya Nakadai,42004,23457439.5,1960,old,excellent,low,1790.6472699204874,action,3
Shichinin no samurai,1954,207,"action, adventure, drama",8.6,98.0,Akira Kurosawa,Toshirô Mifune,315744,269061.0,1950,old,excellent,low,1173503.4062907668,action,3
It's a Wonderful Life,1946,130,"drama, family, fantasy",8.6,89.0,Frank Capra,James Stewart,405801,23457439.5,1940,old,excellent,low,17299.458451123788,drama,3
Joker,2019,122,"crime, drama, thriller",8.5,59.0,Todd Phillips,Joaquin Phoenix,939252,335451311.0,2010,new,high,high,2799.965208661832,crime,3
Whiplash,2014,106,"drama, music",8.5,88.0,Damien Chazelle,Miles Teller,717585,13092000.0,2010,new,high,low,54810.95325389551,drama,2
The Intouchables,2011,112,"biography, comedy, drama",8.5,57.0,Olivier Nakache,Éric Toledano,760360,13182281.0,2010,new,high,low,57680.457577865316,biography,3
The Prestige,2006,130,"drama, mystery, sci-fi",8.5,66.0,Christopher Nolan,Christian Bale,1190259,53089891.0,2000,new,high,medium,22419.691914605737,drama,3
The Departed,2006,151,"crime, drama, thriller",8.5,85.0,Martin Scorsese,Leonardo DiCaprio,1189773,132384315.0,2000,new,high,medium,8987.265598647393,crime,3
The Pianist,2002,150,"biography, drama, music",8.5,85.0,Roman Polanski,Adrien Brody,729603,32572577.0,2000,new,high,low,22399.302333370797,biography,3
Gladiator,2000,155,"action, adventure, drama",8.5,67.0,Ridley Scott,Russell Crowe,1341460,187705427.0,2000,middle,high,medium,7146.6234164875805,action,3
American History X,1998,119,drama,8.5,62.0,Tony Kaye,Edward Norton,1034705,6719864.0,1990,middle,high,low,153977.07453603228,drama,1
The Usual Suspects,1995,106,"crime, mystery, thriller",8.5,77.0,Bryan Singer,Kevin Spacey,991208,23341568.0,1990,middle,high,low,42465.35622628266,crime,3
Léon,1994,110,"action, crime, drama",8.5,64.0,Luc Besson,Jean Reno,1035236,19501238.0,1990,middle,high,low,53085.65538249417,action,3
The Lion King,1994,88,"animation, adventure, drama",8.5,88.0,Roger Allers,Rob Minkoff,942045,422783777.0,1990,middle,high,high,2228.195714330827,animation,3
Terminator 2: Judgment Day,1991,137,"action, sci-fi",8.5,75.0,James Cameron,Arnold Schwarzenegger,995506,204843350.0,1990,middle,high,high,4859.8404585748085,action,2
Nuovo Cinema Paradiso,1988,155,"drama, romance",8.5,80.0,Giuseppe Tornatore,Philippe Noiret,230763,11990401.0,1980,middle,high,low,19245.644912125957,drama,2
Hotaru no haka,1988,89,"animation, drama, war",8.5,94.0,Isao Takahata,Tsutomu Tatsumi,235231,23457439.5,1980,middle,high,low,10027.991332984147,animation,3
Back to the Future,1985,116,"adventure, comedy, sci-fi",8.5,87.0,Robert Zemeckis,Michael J. Fox,1058081,210609762.0,1980,middle,high,high,5023.893431872356,adventure,3
Once Upon a Time in the West,1968,165,western,8.5,80.0,Sergio Leone,Henry Fonda,302844,5321508.0,1960,old,high,low,56909.43243907554,western,1
Psycho,1960,109,"horror, mystery, thriller",8.5,97.0,Alfred Hitchcock,Anthony Perkins,604211,32000000.0,1960,old,high,low,18881.59375,horror,3
Casablanca,1942,102,"drama, romance, war",8.5,100.0,Michael Curtiz,Humphrey Bogart,522093,1024560.0,1940,old,high,low,509577.7699695479,drama,3
Modern Times,1936,87,"comedy, drama, family",8.5,96.0,Charles Chaplin,Charles Chaplin,217881,163245.0,1930,old,high,low,1334687.1267113846,comedy,3
City Lights,1931,87,"comedy, drama, romance",8.5,99.0,Charles Chaplin,Charles Chaplin,167839,19181.0,1930,old,high,low,8750273.708357228,comedy,3
Capharnaüm,2018,126,drama,8.4,75.0,Nadine Labaki,Zain Al Rafeea,62635,1661096.0,2010,new,high,low,37707.03198370233,drama,1
Ayla: The Daughter of War,2017,125,"biography, drama, history",8.4,79.0,Can Ulkay,Erdem Can,34112,23457439.5,2010,new,high,low,1454.208162830389,biography,3
Vikram Vedha,2017,147,"action, crime, drama",8.4,79.0,Gayatri,Pushkar,28401,23457439.5,2010,new,high,low,1210.7459554569032,action,3
Kimi no na wa.,2016,106,"animation, drama, fantasy",8.4,79.0,Makoto Shinkai,Ryûnosuke Kamiki,194838,5017246.0,2010,new,high,low,38833.65495732121,animation,3
Dangal,2016,161,"action, biography, drama",8.4,79.0,Nitesh Tiwari,Aamir Khan,156479,12391761.0,2010,new,high,low,12627.664461895287,action,3
Spider-Man: Into the Spider-Verse,2018,117,"animation, action, adventure",8.4,87.0,Bob Persichetti,Peter Ramsey,375110,190241310.0,2010,new,high,medium,1971.7589202891843,animation,3
Avengers: Endgame,2019,181,"action, adventure, drama",8.4,78.0,Anthony Russo,Joe Russo,809955,858373000.0,2010,new,high,high,943.5932863685134,action,3
Avengers: Infinity War,2018,149,"action, adventure, sci-fi",8.4,68.0,Anthony Russo,Joe Russo,834477,678815482.0,2010,new,high,high,1229.3134469198803,action,3
Coco,2017,105,"animation, adventure, family",8.4,81.0,Lee Unkrich,Adrian Molina,384171,209726015.0,2010,new,high,high,1831.7756144844502,animation,3
Django Unchained,2012,165,"drama, western",8.4,81.0,Quentin Tarantino,Jamie Foxx,1357682,162805434.0,2010,new,high,medium,8339.29167253717,drama,2
The Dark Knight Rises,2012,164,"action, adventure",8.4,78.0,Christopher Nolan,Christian Bale,1516346,448139099.0,2010,new,high,high,3383.6503072007113,action,2
3 Idiots,2009,170,"comedy, drama",8.4,67.0,Rajkumar Hirani,Aamir Khan,344445,6532908.0,2000,new,high,low,52724.60594883626,comedy,2
Taare Zameen Par,2007,165,"drama, family",8.4,79.0,Aamir Khan,Amole Gupte,168895,1223869.0,2000,new,high,low,138000.88081322427,drama,2
WALL·E,2008,98,"animation, adventure, family",8.4,95.0,Andrew Stanton,Ben Burtt,999790,223808164.0,2000,new,high,high,4467.173949919003,animation,3
The Lives of Others,2006,137,"drama, mystery, thriller",8.4,89.0,Florian Henckel von Donnersmarck,Ulrich Mühe,358685,11286112.0,2000,new,high,low,31781.095207986597,drama,3
Oldeuboi,2003,101,"action, drama, mystery",8.4,77.0,Chan-wook Park,Choi Min-sik,515451,707481.0,2000,new,high,low,728572.2160736471,action,3
Memento,2000,113,"mystery, thriller",8.4,80.0,Christopher Nolan,Guy Pearce,1125712,25544867.0,2000,middle,high,low,44068.031358315544,mystery,2
Mononoke-hime,1997,134,"animation, action, adventure",8.4,76.0,Hayao Miyazaki,Yôji Matsuda,343171,2375308.0,1990,middle,high,low,144474.31659389014,animation,3
Once Upon a Time in America,1984,229,"crime, drama",8.4,79.0,Sergio Leone,Robert De Niro,311365,5321508.0,1980,middle,high,low,58510.67028368651,crime,2
Raiders of the Lost Ark,1981,115,"action, adventure",8.4,85.0,Steven Spielberg,Harrison Ford,884112,248159971.0,1980,middle,high,high,3562.669661981867,action,2
The Shining,1980,146,"drama, horror",8.4,66.0,Stanley Kubrick,Jack Nicholson,898237,44017374.0,1980,old,high,low,20406.41951971056,drama,2
Apocalypse Now,1979,147,"drama, mystery, war",8.4,94.0,Francis Ford Coppola,Martin Sheen,606398,83471511.0,1970,old,high,medium,7264.730118519119,drama,3
Alien,1979,117,"horror, sci-fi",8.4,89.0,Ridley Scott,Sigourney Weaver,787806,78900000.0,1970,old,high,medium,9984.86692015209,horror,2
Anand,1971,122,"drama, musical",8.4,79.0,Hrishikesh Mukherjee,Rajesh Khanna,30273,23457439.5,1970,old,high,low,1290.5500619536929,drama,2
Tengoku to jigoku,1963,143,"crime, drama, mystery",8.4,79.0,Akira Kurosawa,Toshirô Mifune,34357,23457439.5,1960,old,high,low,1464.652610528954,crime,3
Dr. Strangelove or: How I Learned to Stop Worrying and Love the Bomb,1964,95,comedy,8.4,97.0,Stanley Kubrick,Peter Sellers,450474,275902.0,1960,old,high,low,1632731.9120557301,comedy,1
Witness for the Prosecution,1957,116,"crime, drama, mystery",8.4,79.0,Billy Wilder,Tyrone Power,108862,8175000.0,1950,old,high,low,13316.452599388378,crime,3
Paths of Glory,1957,88,"drama, war",8.4,90.0,Stanley Kubrick,Kirk Douglas,178092,23457439.5,1950,old,high,low,7592.132977684969,drama,2
Rear Window,1954,112,"mystery, thriller",8.4,100.0,Alfred Hitchcock,James Stewart,444074,36764313.0,1950,old,high,low,12078.94188040451,mystery,2
Sunset Blvd.,1950,110,"drama, film-noir",8.4,79.0,Billy Wilder,William Holden,201632,23457439.5,1950,old,high,low,8595.65256472259,drama,2
The Great Dictator,1940,125,"comedy, drama, war",8.4,79.0,Charles Chaplin,Charles Chaplin,203150,288475.0,1940,old,high,low,704220.4697114135,comedy,3
1917,2019,119,"drama, thriller, war",8.3,78.0,Sam Mendes,Dean-Charles Chapman,425844,159227644.0,2010,new,high,medium,2674.4350999754793,drama,3
Tumbbad,2018,104,"drama, fantasy, horror",8.3,79.0,Rahi Anil Barve,Anand Gandhi,27793,23457439.5,2010,new,high,low,1184.8266730049543,drama,3
Andhadhun,2018,139,"crime, drama, music",8.3,79.0,Sriram Raghavan,Ayushmann Khurrana,71875,1373943.0,2010,new,high,low,52312.94165769614,crime,3
Drishyam,2013,160,"crime, drama, thriller",8.3,79.0,Jeethu Joseph,Mohanlal,30722,23457439.5,2010,new,high,low,1309.6911110012668,crime,3
Jagten,2012,115,drama,8.3,77.0,Thomas Vinterberg,Mads Mikkelsen,281623,687185.0,2010,new,high,low,409821.22718045354,drama,1
Jodaeiye Nader az Simin,2011,123,drama,8.3,95.0,Asghar Farhadi,Payman Maadi,220002,7098492.0,2010,new,high,low,30992.779874936816,drama,1
Incendies,2010,131,"drama, mystery, war",8.3,80.0,Denis Villeneuve,Lubna Azabal,150023,6857096.0,2010,new,high,low,21878.503669775077,drama,3
Miracle in cell NO.7,2019,132,drama,8.3,79.0,Mehmet Ada Öztekin,Aras Bulut Iynemli,33935,23457439.5,2010,new,high,low,1446.6625822481606,drama,1
Babam ve Oglum,2005,112,"drama, family",8.3,79.0,Çagan Irmak,Çetin Tekindor,78925,23457439.5,2000,new,high,low,3364.6042228948304,drama,2
Inglourious Basterds,2009,153,"adventure, drama, war",8.3,69.0,Quentin Tarantino,Brad Pitt,1267869,120540719.0,2000,new,high,medium,10518.180167815326,adventure,3
Eternal Sunshine of the Spotless Mind,2004,108,"drama, romance, sci-fi",8.3,89.0,Michel Gondry,Jim Carrey,911664,34400301.0,2000,new,high,low,26501.62857586624,drama,3
Amélie,2001,122,"comedy, romance",8.3,69.0,Jean-Pierre Jeunet,Audrey Tautou,703810,33225499.0,2000,new,high,low,21182.827081092146,comedy,2
Snatch,2000,104,"comedy, crime",8.3,55.0,Guy Ritchie,Jason Statham,782001,30328156.0,2000,middle,high,low,25784.65370594902,comedy,2
Requiem for a Dream,2000,102,drama,8.3,68.0,Darren Aronofsky,Ellen Burstyn,766870,3635482.0,2000,middle,high,low,210940.39249816118,drama,1
American Beauty,1999,122,drama,8.3,84.0,Sam Mendes,Kevin Spacey,1069738,130096601.0,1990,middle,high,medium,8222.64372610319,drama,1
Good Will Hunting,1997,126,"drama, romance",8.3,70.0,Gus Van Sant,Robin Williams,861606,138433435.0,1990,middle,high,medium,6223.973276398147,drama,2
Bacheha-Ye aseman,1997,89,"drama, family, sport",8.3,77.0,Majid Majidi,Mohammad Amir Naji,65341,933933.0,1990,middle,high,low,69963.26288930791,drama,3
Toy Story,1995,81,"animation, adventure, comedy",8.3,95.0,John Lasseter,Tom Hanks,887429,191796233.0,1990,middle,high,medium,4626.936546767319,animation,3
Braveheart,1995,178,"biography, drama, history",8.3,68.0,Mel Gibson,Mel Gibson,959181,75600000.0,1990,middle,high,medium,12687.579365079366,biography,3
Reservoir Dogs,1992,99,"crime, drama, thriller",8.3,79.0,Quentin Tarantino,Harvey Keitel,918562,2832029.0,1990,middle,high,low,324347.66734380194,crime,3
Full Metal Jacket,1987,116,"drama, war",8.3,76.0,Stanley Kubrick,Matthew Modine,675146,46357676.0,1980,middle,high,low,14563.844831220616,drama,2
Idi i smotri,1985,142,"drama, thriller, war",8.3,79.0,Elem Klimov,Aleksey Kravchenko,59056,23457439.5,1980,middle,high,low,2517.5808297406033,drama,3
Aliens,1986,137,"action, adventure, sci-fi",8.3,84.0,James Cameron,Sigourney Weaver,652719,85160248.0,1980,middle,high,medium,7664.597219115661,action,3
Amadeus,1984,160,"biography, drama, history",8.3,88.0,Milos Forman,F. Murray Abraham,369007,51973029.0,1980,middle,high,medium,7099.971025356248,biography,3
Scarface,1983,170,"crime, drama",8.3,65.0,Brian De Palma,Al Pacino,740911,45598982.0,1980,middle,high,low,16248.410984262762,crime,2
Star Wars: Episode VI - Return of the Jedi,1983,131,"action, adventure, fantasy",8.3,58.0,Richard Marquand,Mark Hamill,950470,309125409.0,1980,middle,high,high,3074.7068093648686,action,3
Das Boot,1981,149,"adventure, drama, thriller",8.3,86.0,Wolfgang Petersen,Jürgen Prochnow,231855,11487676.0,1980,middle,high,low,20182.933432314767,adventure,3
Taxi Driver,1976,114,"crime, drama",8.3,94.0,Martin Scorsese,Robert De Niro,724636,28262574.0,1970,old,high,low,25639.419820714134,crime,2
The Sting,1973,129,"comedy, crime, drama",8.3,83.0,George Roy Hill,Paul Newman,241513,159600000.0,1970,old,high,medium,1513.2393483709275,comedy,3
A Clockwork Orange,1971,136,"crime, drama, sci-fi",8.3,77.0,Stanley Kubrick,Malcolm McDowell,757904,6207725.0,1970,old,high,low,122090.4598705645,crime,3
2001: A Space Odyssey,1968,149,"adventure, sci-fi",8.3,84.0,Stanley Kubrick,Keir Dullea,603517,56954992.0,1960,old,high,medium,10596.384597859307,adventure,2
Per qualche dollaro in più,1965,132,western,8.3,74.0,Sergio Leone,Clint Eastwood,232772,15000000.0,1960,old,high,low,15518.133333333333,western,1
Lawrence of Arabia,1962,228,"adventure, biography, drama",8.3,100.0,David Lean,Peter O'Toole,268085,44824144.0,1960,old,high,low,5980.816945439048,adventure,3
The Apartment,1960,125,"comedy, drama, romance",8.3,94.0,Billy Wilder,Jack Lemmon,164363,18600000.0,1960,old,high,low,8836.720430107525,comedy,3
North by Northwest,1959,136,"adventure, mystery, thriller",8.3,98.0,Alfred Hitchcock,Cary Grant,299198,13275000.0,1950,old,high,low,22538.455743879473,adventure,3
Vertigo,1958,128,"mystery, romance, thriller",8.3,100.0,Alfred Hitchcock,James Stewart,364368,3200000.0,1950,old,high,low,113865.0,mystery,3
Singin' in the Rain,1952,103,"comedy, musical, romance",8.3,99.0,Stanley Donen,Gene Kelly,218957,8819028.0,1950,old,high,low,24827.792813448377,comedy,3
Ikiru,1952,143,drama,8.3,79.0,Akira Kurosawa,Takashi Shimura,68463,55240.0,1950,old,high,low,1239373.642288197,drama,1
Ladri di biciclette,1948,89,drama,8.3,79.0,Vittorio De Sica,Lamberto Maggiorani,146427,332930.0,1940,old,high,low,439813.17394046794,drama,1
Double Indemnity,1944,107,"crime, drama, film-noir",8.3,95.0,Billy Wilder,Fred MacMurray,143525,5720000.0,1940,old,high,low,25091.783216783217,crime,3
Citizen Kane,1941,119,"drama, mystery",8.3,100.0,Orson Welles,Orson Welles,403351,1585634.0,1940,old,high,low,254378.37483303208,drama,2
M - Eine Stadt sucht einen Mörder,1931,117,"crime, mystery, thriller",8.3,79.0,Fritz Lang,Peter Lorre,143434,28877.0,1930,old,high,low,4967067.216123559,crime,3
Metropolis,1927,153,"drama, sci-fi",8.3,98.0,Fritz Lang,Brigitte Helm,159992,1236166.0,1920,old,high,low,129425.9832417329,drama,2
The Kid,1921,68,"comedy, drama, family",8.3,79.0,Charles Chaplin,Charles Chaplin,113314,5450000.0,1920,old,high,low,20791.559633027522,comedy,3
Chhichhore,2019,143,"comedy, drama",8.2,79.0,Nitesh Tiwari,Sushant Singh Rajput,33893,898575.0,2010,new,high,low,37718.610021422806,comedy,2
Uri: The Surgical Strike,2018,138,"action, drama, war",8.2,79.0,Aditya Dhar,Vicky Kaushal,43444,4186168.0,2010,new,high,low,10377.987696623737,action,3
K.G.F: Chapter 1,2018,156,"action, drama",8.2,79.0,Prashanth Neel,Yash,36680,23457439.5,2010,new,high,low,1563.683026870857,action,2
Green Book,2018,130,"biography, comedy, drama",8.2,69.0,Peter Farrelly,Viggo Mortensen,377884,85080171.0,2010,new,high,medium,4441.50494243835,biography,3
"Three Billboards Outside Ebbing, Missouri",2017,115,"comedy, crime, drama",8.2,88.0,Martin McDonagh,Frances McDormand,432610,54513740.0,2010,new,high,medium,7935.79747050927,comedy,3
Talvar,2015,132,"crime, drama, mystery",8.2,79.0,Meghna Gulzar,Irrfan Khan,31142,342370.0,2010,new,high,low,90960.07243625318,crime,3
Baahubali 2: The Conclusion,2017,167,"action, drama",8.2,79.0,S.S. Rajamouli,Prabhas,75348,20186659.0,2010,new,high,low,3732.564165273709,action,2
Klaus,2019,96,"animation, adventure, comedy",8.2,65.0,Sergio Pablos,Carlos Martínez López,104761,23457439.5,2010,new,high,low,4466.003205507574,animation,3
Drishyam,2015,163,"crime, drama, mystery",8.2,79.0,Nishikant Kamat,Ajay Devgn,70367,739478.0,2010,new,high,low,95157.66527198916,crime,3
Queen,2013,146,"adventure, comedy, drama",8.2,79.0,Vikas Bahl,Kangana Ranaut,60701,1429534.0,2010,new,high,low,42462.08904440188,adventure,3
Mandariinid,2013,87,"drama, war",8.2,73.0,Zaza Urushadze,Lembit Ulfsak,40382,144501.0,2010,new,high,low,279458.2736451651,drama,2
Bhaag Milkha Bhaag,2013,186,"biography, drama, sport",8.2,79.0,Rakeysh Omprakash Mehra,Farhan Akhtar,61137,1626289.0,2010,new,high,low,37592.94934664134,biography,3
Gangs of Wasseypur,2012,321,"action, comedy, crime",8.2,89.0,Anurag Kashyap,Manoj Bajpayee,82365,23457439.5,2010,new,high,low,3511.2527946624355,action,3
Udaan,2010,134,drama,8.2,79.0,Vikramaditya Motwane,Rajat Barmecha,42341,7461.0,2010,new,high,low,5674976.544699103,drama,1
Paan Singh Tomar,2012,135,"action, biography, crime",8.2,79.0,Tigmanshu Dhulia,Irrfan Khan,33237,39567.0,2010,new,high,low,840018.1969823338,action,3
El secreto de sus ojos,2009,129,"drama, mystery, romance",8.2,80.0,Juan José Campanella,Ricardo Darín,193217,6391436.0,2000,new,high,low,30230.608583110276,drama,3
Warrior,2011,140,"action, drama, sport",8.2,71.0,Gavin O'Connor,Tom Hardy,435950,13657115.0,2010,new,high,low,31921.09021561289,action,3
Shutter Island,2010,138,"mystery, thriller",8.2,63.0,Martin Scorsese,Leonardo DiCaprio,1129894,128012934.0,2010,new,high,medium,8826.404994357836,mystery,2
Up,2009,96,"animation, adventure, comedy",8.2,88.0,Pete Docter,Bob Peterson,935507,293004164.0,2000,new,high,high,3192.811280320235,animation,3
The Wolf of Wall Street,2013,180,"biography, crime, drama",8.2,75.0,Martin Scorsese,Leonardo DiCaprio,1187498,116900694.0,2010,new,high,medium,10158.177504061696,biography,3
Chak De! India,2007,153,"drama, family, sport",8.2,68.0,Shimit Amin,Shah Rukh Khan,74129,1113541.0,2000,new,high,low,66570.51693651154,drama,3
There Will Be Blood,2007,158,drama,8.2,93.0,Paul Thomas Anderson,Daniel Day-Lewis,517359,40222514.0,2000,new,high,low,12862.423268719604,drama,1
Pan's Labyrinth,2006,118,"drama, fantasy, war",8.2,98.0,Guillermo del Toro,Ivana Baquero,618623,37634615.0,2000,new,high,low,16437.60670861121,drama,3
Toy Story 3,2010,103,"animation, adventure, comedy",8.2,92.0,Lee Unkrich,Tom Hanks,757032,415004880.0,2010,new,high,high,1824.1520437060883,animation,3
V for Vendetta,2005,132,"action, drama, sci-fi",8.2,62.0,James McTeigue,Hugo Weaving,1032749,70511035.0,2000,new,high,medium,14646.629424741814,action,3
Rang De Basanti,2006,167,"comedy, crime, drama",8.2,79.0,Rakeysh Omprakash Mehra,Aamir Khan,111937,2197331.0,2000,new,high,low,50942.25676513916,comedy,3
Black,2005,122,drama,8.2,79.0,Sanjay Leela Bhansali,Amitabh Bachchan,33354,733094.0,2000,new,high,low,45497.576027085204,drama,1
Batman Begins,2005,140,"action, adventure",8.2,70.0,Christopher Nolan,Christian Bale,1308302,206852432.0,2000,new,high,high,6324.808402542737,action,2
"Swades: We, the People",2004,210,drama,8.2,79.0,Ashutosh Gowariker,Shah Rukh Khan,83005,1223240.0,2000,new,high,low,67856.67571367843,drama,1
Der Untergang,2004,156,"biography, drama, history",8.2,82.0,Oliver Hirschbiegel,Bruno Ganz,331308,5509040.0,2000,new,high,low,60138.97158125554,biography,3
Hauru no ugoku shiro,2004,119,"animation, adventure, family",8.2,80.0,Hayao Miyazaki,Chieko Baishô,333915,4711096.0,2000,new,high,low,70878.41130811174,animation,3
A Beautiful Mind,2001,135,"biography, drama",8.2,72.0,Ron Howard,Russell Crowe,848920,170742341.0,2000,new,high,medium,4971.936047192887,biography,2
Hera Pheri,2000,156,"action, comedy, crime",8.2,79.0,Priyadarshan,Akshay Kumar,57057,23457439.5,2000,middle,high,low,2432.362662600068,action,3
"Lock, Stock and Two Smoking Barrels",1998,107,"action, comedy, crime",8.2,66.0,Guy Ritchie,Jason Flemyng,535216,3897569.0,1990,middle,high,low,137320.4682200623,action,3
L.A. Confidential,1997,138,"crime, drama, mystery",8.2,90.0,Curtis Hanson,Kevin Spacey,531967,64616940.0,1990,middle,high,medium,8232.624448016264,crime,3
Eskiya,1996,128,"crime, drama, thriller",8.2,79.0,Yavuz Turgul,Sener Sen,64118,23457439.5,1990,middle,high,low,2733.3759083125847,crime,3
Heat,1995,170,"crime, drama, thriller",8.2,76.0,Michael Mann,Al Pacino,577113,67436818.0,1990,middle,high,medium,8557.832607107886,crime,3
Casino,1995,178,"crime, drama",8.2,73.0,Martin Scorsese,Robert De Niro,466276,42438300.0,1990,middle,high,low,10987.150757688221,crime,2
Andaz Apna Apna,1994,160,"action, comedy, romance",8.2,79.0,Rajkumar Santoshi,Aamir Khan,49300,23457439.5,1990,middle,high,low,2101.6786593438724,action,3
Unforgiven,1992,130,"drama, western",8.2,85.0,Clint Eastwood,Clint Eastwood,375935,101157447.0,1990,middle,high,medium,3716.3353875468997,drama,2
Indiana Jones and the Last Crusade,1989,127,"action, adventure",8.2,65.0,Steven Spielberg,Harrison Ford,692366,197171806.0,1980,middle,high,medium,3511.4858155734496,action,2
Dom za vesanje,1988,142,"comedy, crime, drama",8.2,79.0,Emir Kusturica,Davor Dujmovic,26402,280015.0,1980,middle,high,low,94287.80601039229,comedy,3
Tonari no Totoro,1988,86,"animation, family, fantasy",8.2,86.0,Hayao Miyazaki,Hitoshi Takagi,291180,1105564.0,1980,middle,high,low,263376.8827494383,animation,3
Die Hard,1988,132,"action, thriller",8.2,72.0,John McTiernan,Bruce Willis,793164,83008852.0,1980,middle,high,medium,9555.173706052457,action,2
Ran,1985,162,"action, drama, war",8.2,96.0,Akira Kurosawa,Tatsuya Nakadai,112505,4135750.0,1980,middle,high,low,27203.04660581515,action,3
Raging Bull,1980,129,"biography, drama, sport",8.2,89.0,Martin Scorsese,Robert De Niro,321860,23383987.0,1980,old,high,low,13764.119865444673,biography,3
Stalker,1979,162,"drama, sci-fi",8.2,79.0,Andrei Tarkovsky,Alisa Freyndlikh,116945,234723.0,1970,old,high,low,498225.5680099522,drama,2
Höstsonaten,1978,99,"drama, music",8.2,79.0,Ingmar Bergman,Ingrid Bergman,26875,23457439.5,1970,old,high,low,1145.6919669344134,drama,2
The Message,1976,177,"biography, drama, history",8.2,79.0,Moustapha Akkad,Anthony Quinn,43885,23457439.5,1970,old,high,low,1870.8350500062038,biography,3
Sholay,1975,204,"action, adventure, comedy",8.2,79.0,Ramesh Sippy,Sanjeev Kumar,51284,23457439.5,1970,old,high,low,2186.2573705028635,action,3
Monty Python and the Holy Grail,1975,91,"adventure, comedy, fantasy",8.2,91.0,Terry Gilliam,Terry Jones,500875,1229197.0,1970,old,high,low,407481.46960983466,adventure,3
The Great Escape,1963,172,"adventure, drama, history",8.2,86.0,John Sturges,Steve McQueen,224730,12100000.0,1960,old,high,low,18572.727272727272,adventure,3
To Kill a Mockingbird,1962,129,"crime, drama",8.2,88.0,Robert Mulligan,Gregory Peck,293811,23457439.5,1960,old,high,low,12525.280092910396,crime,2
Yôjinbô,1961,110,"action, drama, thriller",8.2,79.0,Akira Kurosawa,Toshirô Mifune,111244,23457439.5,1960,old,high,low,4742.376080731233,action,3
Judgment at Nuremberg,1961,179,"drama, war",8.2,60.0,Stanley Kramer,Spencer Tracy,69458,23457439.5,1960,old,high,low,2961.0222377425293,drama,2
Some Like It Hot,1959,121,"comedy, music, romance",8.2,98.0,Billy Wilder,Marilyn Monroe,243943,25000000.0,1950,old,high,low,9757.72,comedy,3
Smultronstället,1957,91,"drama, romance",8.2,88.0,Ingmar Bergman,Victor Sjöström,96381,23457439.5,1950,old,high,low,4108.760463817886,drama,2
Det sjunde inseglet,1957,96,"drama, fantasy, history",8.2,88.0,Ingmar Bergman,Max von Sydow,164939,23457439.5,1950,old,high,low,7031.4153426677285,drama,3
Du rififi chez les hommes,1955,118,"crime, drama, thriller",8.2,97.0,Jules Dassin,Jean Servais,28810,57226.0,1950,old,high,low,503442.4911753399,crime,3
Dial M for Murder,1954,105,"crime, thriller",8.2,75.0,Alfred Hitchcock,Ray Milland,158335,12562.0,1950,old,high,low,12604282.757522687,crime,2
Tôkyô monogatari,1953,136,drama,8.2,79.0,Yasujirô Ozu,Chishû Ryû,53153,23457439.5,1950,old,high,low,2265.933585803344,drama,1
Rashômon,1950,88,"crime, drama, mystery",8.2,98.0,Akira Kurosawa,Toshirô Mifune,152572,96568.0,1950,old,high,low,1579943.6666390523,crime,3
All About Eve,1950,138,drama,8.2,98.0,Joseph L. Mankiewicz,Bette Davis,120539,10177.0,1950,old,high,low,11844256.657168124,drama,1
The Treasure of the Sierra Madre,1948,126,"adventure, drama, western",8.2,98.0,John Huston,Humphrey Bogart,114304,5014000.0,1940,old,high,low,22796.968488232946,adventure,3
To Be or Not to Be,1942,99,"comedy, war",8.2,86.0,Ernst Lubitsch,Carole Lombard,29915,23457439.5,1940,old,high,low,1275.2883791941572,comedy,2
The Gold Rush,1925,95,"adventure, comedy, drama",8.2,79.0,Charles Chaplin,Charles Chaplin,101053,5450000.0,1920,old,high,low,18541.83486238532,adventure,3
Sherlock Jr.,1924,45,"action, comedy, romance",8.2,79.0,Buster Keaton,Buster Keaton,41985,977375.0,1920,old,high,low,42956.89985931705,action,3
Portrait de la jeune fille en feu,2019,122,"drama, romance",8.1,95.0,Céline Sciamma,Noémie Merlant,63134,3759854.0,2010,new,high,low,16791.609461431217,drama,2
Pink,2016,136,"drama, thriller",8.1,79.0,Aniruddha Roy Chowdhury,Taapsee Pannu,39216,1241223.0,2010,new,high,low,31594.644959044428,drama,2
Koe no katachi,2016,130,"animation, drama, family",8.1,78.0,Naoko Yamada,Miyu Irino,47708,23457439.5,2010,new,high,low,2033.8110645025856,animation,3
Contratiempo,2016,106,"crime, drama, mystery",8.1,79.0,Oriol Paulo,Mario Casas,141516,23457439.5,2010,new,high,low,6032.883512286156,crime,3
Ah-ga-ssi,2016,145,"drama, romance, thriller",8.1,84.0,Chan-wook Park,Kim Min-hee,113649,2006788.0,2010,new,high,low,56632.290007713826,drama,3
Mommy,2014,139,drama,8.1,74.0,Xavier Dolan,Anne Dorval,50700,3492754.0,2010,new,high,low,14515.766068838515,drama,1
Haider,2014,160,"action, crime, drama",8.1,79.0,Vishal Bhardwaj,Shahid Kapoor,50445,901610.0,2010,new,high,low,55949.91182440301,action,3
Logan,2017,137,"action, drama, sci-fi",8.1,77.0,James Mangold,Hugh Jackman,647884,226277068.0,2010,new,high,high,2863.2331403551684,action,3
Room,2015,118,"drama, thriller",8.1,86.0,Lenny Abrahamson,Brie Larson,371538,14677674.0,2010,new,high,low,25313.13885292724,drama,2
Relatos salvajes,2014,122,"comedy, drama, thriller",8.1,77.0,Damián Szifron,Darío Grandinetti,177059,3107072.0,2010,new,high,low,56985.80528549065,comedy,3
Soul,2020,100,"animation, adventure, comedy",8.1,83.0,Pete Docter,Kemp Powers,159171,23457439.5,2020,new,high,low,6785.523202564372,animation,3
Kis Uykusu,2014,196,drama,8.1,88.0,Nuri Bilge Ceylan,Haluk Bilginer,46547,165520.0,2010,new,high,low,281216.7713871435,drama,1
PK,2014,153,"comedy, drama, musical",8.1,79.0,Rajkumar Hirani,Aamir Khan,163061,10616104.0,2010,new,high,low,15359.777937367608,comedy,3
OMG: Oh My God!,2012,125,"comedy, drama, fantasy",8.1,79.0,Umesh Shukla,Paresh Rawal,51739,923221.0,2010,new,high,low,56041.83613674299,comedy,3
The Grand Budapest Hotel,2014,99,"adventure, comedy, crime",8.1,88.0,Wes Anderson,Ralph Fiennes,707630,59100318.0,2010,new,high,medium,11973.37043093406,adventure,3
Gone Girl,2014,149,"drama, mystery, thriller",8.1,79.0,David Fincher,Ben Affleck,859695,167767189.0,2010,new,high,medium,5124.333340293375,drama,3
Ôkami kodomo no Ame to Yuki,2012,117,"animation, drama, fantasy",8.1,71.0,Mamoru Hosoda,Aoi Miyazaki,38803,23457439.5,2010,new,high,low,1654.1873634588294,animation,3
Hacksaw Ridge,2016,139,"biography, drama, history",8.1,71.0,Mel Gibson,Andrew Garfield,435928,67209615.0,2010,new,high,medium,6486.095776623628,biography,3
Inside Out,2015,95,"animation, adventure, comedy",8.1,94.0,Pete Docter,Ronnie Del Carmen,616228,356461711.0,2010,new,high,high,1728.7354601740103,animation,3
Barfi!,2012,151,"comedy, drama, romance",8.1,79.0,Anurag Basu,Ranbir Kapoor,75721,2804874.0,2010,new,high,low,26996.221577154625,comedy,3
12 Years a Slave,2013,134,"biography, drama, history",8.1,96.0,Steve McQueen,Chiwetel Ejiofor,640533,56671993.0,2010,new,high,medium,11302.461164547363,biography,3
Rush,2013,123,"action, biography, drama",8.1,74.0,Ron Howard,Daniel Brühl,432811,26947624.0,2010,new,high,low,16061.193372744105,action,3
Ford v Ferrari,2019,152,"action, biography, drama",8.1,81.0,James Mangold,Matt Damon,291289,117624028.0,2010,new,high,medium,2476.44129310042,action,3
Spotlight,2015,129,"biography, crime, drama",8.1,93.0,Tom McCarthy,Mark Ruffalo,420316,45055776.0,2010,new,high,low,9328.792827805251,biography,3
Song of the Sea,2014,93,"animation, adventure, drama",8.1,85.0,Tomm Moore,David Rawle,51679,857524.0,2010,new,high,low,60265.36866606649,animation,3
Kahaani,2012,122,"mystery, thriller",8.1,79.0,Sujoy Ghosh,Vidya Balan,57806,1035953.0,2010,new,high,low,55799.82875671001,mystery,2
Zindagi Na Milegi Dobara,2011,155,"comedy, drama",8.1,79.0,Zoya Akhtar,Hrithik Roshan,67927,3108485.0,2010,new,high,low,21852.1241054726,comedy,2
Prisoners,2013,153,"crime, drama, mystery",8.1,70.0,Denis Villeneuve,Hugh Jackman,601149,61002302.0,2010,new,high,medium,9854.529752008375,crime,3
Mad Max: Fury Road,2015,120,"action, adventure, sci-fi",8.1,90.0,George Miller,Tom Hardy,882316,154058340.0,2010,new,high,medium,5727.155050482824,action,3
A Wednesday,2008,104,"action, crime, drama",8.1,79.0,Neeraj Pandey,Anupam Kher,73891,23457439.5,2000,new,high,low,3150.0027954883994,action,3
Gran Torino,2008,116,drama,8.1,72.0,Clint Eastwood,Clint Eastwood,720450,148095302.0,2000,new,high,medium,4864.772820409928,drama,1
Harry Potter and the Deathly Hallows: Part 2,2011,130,"adventure, drama, fantasy",8.1,85.0,David Yates,Daniel Radcliffe,764493,381011219.0,2010,new,high,high,2006.4842237624505,adventure,3
Okuribito,2008,130,"drama, music",8.1,68.0,Yôjirô Takita,Masahiro Motoki,48582,1498210.0,2000,new,high,low,32426.695857056086,drama,2
Hachi: A Dog's Tale,2009,93,"biography, drama, family",8.1,79.0,Lasse Hallström,Richard Gere,253575,23457439.5,2000,new,high,low,10810.003368014655,biography,3
Mary and Max,2009,92,"animation, comedy, drama",8.1,79.0,Adam Elliot,Toni Collette,164462,23457439.5,2000,new,high,low,7011.080642454604,animation,3
How to Train Your Dragon,2010,98,"animation, action, adventure",8.1,75.0,Dean DeBlois,Chris Sanders,666773,217581231.0,2010,new,high,high,3064.4784797637253,animation,3
Into the Wild,2007,148,"adventure, biography, drama",8.1,73.0,Sean Penn,Emile Hirsch,572921,18354356.0,2000,new,high,low,31214.44304556368,adventure,3
No Country for Old Men,2007,122,"crime, drama, thriller",8.1,91.0,Ethan Coen,Joel Coen,856916,74283625.0,2000,new,high,medium,11535.732134773983,crime,3
Lage Raho Munna Bhai,2006,144,"comedy, drama, romance",8.1,79.0,Rajkumar Hirani,Sanjay Dutt,43137,2217561.0,2000,new,high,low,19452.452491724016,comedy,3
Million Dollar Baby,2004,132,"drama, sport",8.1,86.0,Clint Eastwood,Hilary Swank,635975,100492203.0,2000,new,high,medium,6328.6004387823,drama,2
Hotel Rwanda,2004,121,"biography, drama, history",8.1,79.0,Terry George,Don Cheadle,334320,23530892.0,2000,new,high,low,14207.706193203385,biography,3
Taegukgi hwinalrimyeo,2004,140,"action, drama, war",8.1,64.0,Je-kyu Kang,Jang Dong-Gun,37820,1111061.0,2000,new,high,low,34039.53518303675,action,3
Before Sunset,2004,80,"drama, romance",8.1,90.0,Richard Linklater,Ethan Hawke,236311,5820649.0,2000,new,high,low,40598.73735729469,drama,2
Munna Bhai M.B.B.S.,2003,156,"comedy, drama, musical",8.1,79.0,Rajkumar Hirani,Sanjay Dutt,73992,23457439.5,2000,new,high,low,3154.3084657641343,comedy,3
Salinui chueok,2003,131,"crime, drama, mystery",8.1,82.0,Bong Joon Ho,Kang-ho Song,139558,14131.0,2000,new,high,low,9876017.267001629,crime,3
Dil Chahta Hai,2001,183,"comedy, drama, romance",8.1,79.0,Farhan Akhtar,Aamir Khan,66803,300000.0,2000,new,high,low,222676.6666666667,comedy,3
Kill Bill: Vol. 1,2003,111,"action, crime, drama",8.1,69.0,Quentin Tarantino,Uma Thurman,1000639,70099045.0,2000,new,high,medium,14274.645253726352,action,3
Finding Nemo,2003,100,"animation, adventure, comedy",8.1,90.0,Andrew Stanton,Lee Unkrich,949565,380843261.0,2000,new,high,high,2493.3223119313643,animation,3
Catch Me If You Can,2002,141,"biography, crime, drama",8.1,75.0,Steven Spielberg,Leonardo DiCaprio,832846,164615351.0,2000,new,high,medium,5059.3458929598855,biography,3
Amores perros,2000,154,"drama, thriller",8.1,83.0,Alejandro G. Iñárritu,Emilio Echevarría,223741,5383834.0,2000,middle,high,low,41557.930649421956,drama,2
"Monsters, Inc.",2001,92,"animation, adventure, comedy",8.1,79.0,Pete Docter,David Silverman,815505,289916256.0,2000,new,high,high,2812.8984943845303,animation,3
"Shin seiki Evangelion Gekijô-ban: Air/Magokoro wo, kimi ni",1997,87,"animation, action, drama",8.1,79.0,Hideaki Anno,Kazuya Tsurumaki,38847,23457439.5,1990,middle,high,low,1656.063101004694,animation,3
Lagaan: Once Upon a Time in India,2001,224,"adventure, drama, musical",8.1,84.0,Ashutosh Gowariker,Aamir Khan,105036,70147.0,2000,new,high,low,1497369.809115144,adventure,3
The Sixth Sense,1999,107,"drama, mystery, thriller",8.1,64.0,M. Night Shyamalan,Bruce Willis,911573,293506292.0,1990,middle,high,high,3105.803946444869,drama,3
La leggenda del pianista sull'oceano,1998,169,"drama, music, romance",8.1,58.0,Giuseppe Tornatore,Tim Roth,59020,259127.0,1990,middle,high,low,227764.76399603282,drama,3
The Truman Show,1998,103,"comedy, drama",8.1,90.0,Peter Weir,Jim Carrey,939631,125618201.0,1990,middle,high,medium,7480.054582217747,comedy,2
"Crna macka, beli macor",1998,127,"comedy, crime, romance",8.1,73.0,Emir Kusturica,Bajram Severdzan,50862,348660.0,1990,middle,high,low,145878.50628119084,comedy,3
The Big Lebowski,1998,117,"comedy, crime, sport",8.1,71.0,Joel Coen,Ethan Coen,732620,17498804.0,1990,middle,high,low,41866.86130092091,comedy,3
Fa yeung nin wah,2000,98,"drama, romance",8.1,85.0,Kar-Wai Wong,Tony Chiu-Wai Leung,124383,2734044.0,2000,middle,high,low,45494.14713150191,drama,2
Trainspotting,1996,93,drama,8.1,83.0,Danny Boyle,Ewan McGregor,634716,16501785.0,1990,middle,high,low,38463.4753149432,drama,1
Fargo,1996,98,"crime, drama, thriller",8.1,85.0,Joel Coen,Ethan Coen,617444,24611975.0,1990,middle,high,low,25087.137460524806,crime,3
Underground,1995,170,"comedy, drama, war",8.1,79.0,Emir Kusturica,Predrag 'Miki' Manojlovic,55220,171082.0,1990,middle,high,low,322769.19839609077,comedy,3
La haine,1995,98,"crime, drama",8.1,79.0,Mathieu Kassovitz,Vincent Cassel,150345,309811.0,1990,middle,high,low,485279.7350642811,crime,2
Dilwale Dulhania Le Jayenge,1995,189,"drama, romance",8.1,79.0,Aditya Chopra,Shah Rukh Khan,63516,23457439.5,1990,middle,high,low,2707.7124082532537,drama,2
Before Sunrise,1995,101,"drama, romance",8.1,77.0,Richard Linklater,Ethan Hawke,272291,5535405.0,1990,middle,high,low,49190.79995050046,drama,2
Trois couleurs: Rouge,1994,99,"drama, mystery, romance",8.1,100.0,Krzysztof Kieslowski,Irène Jacob,90729,4043686.0,1990,middle,high,low,22437.202097294397,drama,3
Chung Hing sam lam,1994,102,"comedy, crime, drama",8.1,77.0,Kar-Wai Wong,Brigitte Lin,63122,600200.0,1990,middle,high,low,105168.2772409197,comedy,3
Jurassic Park,1993,127,"action, adventure, sci-fi",8.1,68.0,Steven Spielberg,Sam Neill,867615,402453882.0,1990,middle,high,high,2155.8122279461572,action,3
In the Name of the Father,1993,133,"biography, crime, drama",8.1,84.0,Jim Sheridan,Daniel Day-Lewis,156842,25010410.0,1990,middle,high,low,6271.068726982085,biography,3
Ba wang bie ji,1993,171,"drama, music, romance",8.1,79.0,Kaige Chen,Leslie Cheung,25088,5216888.0,1990,middle,high,low,4808.997241267208,drama,3
Dà hóng denglong gaogao guà,1991,125,"drama, history, romance",8.1,79.0,Yimou Zhang,Gong Li,29662,2603061.0,1990,middle,high,low,11395.046063077278,drama,3
Dead Poets Society,1989,128,"comedy, drama",8.1,79.0,Peter Weir,Robin Williams,425457,95860116.0,1980,middle,high,medium,4438.310923804849,comedy,2
Stand by Me,1986,89,"adventure, drama",8.1,75.0,Rob Reiner,Wil Wheaton,363401,52287414.0,1980,middle,high,medium,6950.066415600511,adventure,2
Platoon,1986,120,"drama, war",8.1,92.0,Oliver Stone,Charlie Sheen,381222,138530565.0,1980,middle,high,medium,2751.898109994715,drama,2
"Paris, Texas",1984,145,drama,8.1,78.0,Wim Wenders,Harry Dean Stanton,91188,2181987.0,1980,middle,high,low,41791.266400762244,drama,1
Kaze no tani no Naushika,1984,117,"animation, adventure, fantasy",8.1,86.0,Hayao Miyazaki,Sumi Shimamoto,150924,495770.0,1980,middle,high,low,304423.4221514009,animation,3
The Thing,1982,109,"horror, mystery, sci-fi",8.1,57.0,John Carpenter,Kurt Russell,371271,13782838.0,1980,middle,high,low,26937.195372970356,horror,3
Pink Floyd: The Wall,1982,95,"drama, fantasy, music",8.1,47.0,Alan Parker,Bob Geldof,76081,22244207.0,1980,middle,high,low,3420.261284207614,drama,3
Fitzcarraldo,1982,158,"adventure, drama",8.1,79.0,Werner Herzog,Klaus Kinski,31595,23457439.5,1980,middle,high,low,1346.9074491271735,adventure,2
Fanny och Alexander,1982,188,drama,8.1,100.0,Ingmar Bergman,Bertil Guve,57784,4971340.0,1980,middle,high,low,11623.425474821679,drama,1
Blade Runner,1982,117,"action, sci-fi, thriller",8.1,84.0,Ridley Scott,Harrison Ford,693827,32868943.0,1980,middle,high,low,21108.892975353665,action,3
The Elephant Man,1980,124,"biography, drama",8.1,78.0,David Lynch,Anthony Hopkins,220078,23457439.5,1980,old,high,low,9382.012900427602,biography,2
Life of Brian,1979,94,comedy,8.1,77.0,Terry Jones,Graham Chapman,367250,20045115.0,1970,old,high,low,18321.172016224402,comedy,1
The Deer Hunter,1978,183,"drama, war",8.1,86.0,Michael Cimino,Robert De Niro,311361,48979328.0,1970,old,high,low,6356.9879929753215,drama,2
Rocky,1976,120,"drama, sport",8.1,70.0,John G. Avildsen,Sylvester Stallone,518546,117235247.0,1970,old,high,medium,4423.123704426536,drama,2
Network,1976,121,drama,8.1,83.0,Sidney Lumet,Faye Dunaway,144911,23457439.5,1970,old,high,low,6177.6137161091265,drama,1
Barry Lyndon,1975,185,"adventure, drama, history",8.1,89.0,Stanley Kubrick,Ryan O'Neal,149843,23457439.5,1970,old,high,low,6387.866842841053,adventure,3
Zerkalo,1975,107,"biography, drama",8.1,79.0,Andrei Tarkovsky,Margarita Terekhova,40081,177345.0,1970,old,high,low,226005.80788857877,biography,2
Chinatown,1974,130,"drama, mystery, thriller",8.1,92.0,Roman Polanski,Jack Nicholson,294230,29000000.0,1970,old,high,low,10145.862068965518,drama,3
Paper Moon,1973,102,"comedy, crime, drama",8.1,77.0,Peter Bogdanovich,Ryan O'Neal,42285,30933743.0,1970,old,high,low,1366.9538794577818,comedy,3
Viskningar och rop,1972,91,drama,8.1,79.0,Ingmar Bergman,Harriet Andersson,30206,1742348.0,1970,old,high,low,17336.375970816393,drama,1
Solaris,1972,167,"drama, mystery, sci-fi",8.1,90.0,Andrei Tarkovsky,Natalya Bondarchuk,81021,23457439.5,1970,old,high,low,3453.9575387160226,drama,3
Le samouraï,1967,105,"crime, drama, mystery",8.1,79.0,Jean-Pierre Melville,Alain Delon,45434,39481.0,1960,old,high,low,1150781.388515995,crime,3
Cool Hand Luke,1967,127,"crime, drama",8.1,92.0,Stuart Rosenberg,Paul Newman,161984,16217773.0,1960,old,high,low,9988.054463458084,crime,2
Persona,1966,85,"drama, thriller",8.1,86.0,Ingmar Bergman,Bibi Andersson,103191,23457439.5,1960,old,high,low,4399.07347943922,drama,2
Andrei Rublev,1966,205,"biography, drama, history",8.1,79.0,Andrei Tarkovsky,Anatoliy Solonitsyn,46947,102021.0,1960,old,high,low,460169.9650072044,biography,3
La battaglia di Algeri,1966,121,"drama, war",8.1,96.0,Gillo Pontecorvo,Brahim Hadjadj,53089,55908.0,1960,old,high,low,949577.8779423338,drama,2
El ángel exterminador,1962,95,"drama, fantasy",8.1,79.0,Luis Buñuel,Silvia Pinal,29682,23457439.5,1960,old,high,low,1265.3554962808282,drama,2
What Ever Happened to Baby Jane?,1962,134,"drama, horror, thriller",8.1,75.0,Robert Aldrich,Bette Davis,50058,4050000.0,1960,old,high,low,12360.0,drama,3
Sanjuro,1962,96,"action, comedy, crime",8.1,79.0,Akira Kurosawa,Toshirô Mifune,33044,23457439.5,1960,old,high,low,1408.6788969444,action,3
The Man Who Shot Liberty Valance,1962,123,"drama, western",8.1,94.0,John Ford,James Stewart,68827,23457439.5,1960,old,high,low,2934.1224561188787,drama,2
Ivanovo detstvo,1962,95,"drama, war",8.1,79.0,Andrei Tarkovsky,Eduard Abalov,31728,23457439.5,1960,old,high,low,1352.5772921635373,drama,2
Jungfrukällan,1960,89,drama,8.1,79.0,Ingmar Bergman,Max von Sydow,26697,1526000.0,1960,old,high,low,17494.75753604194,drama,1
Inherit the Wind,1960,128,"biography, drama, history",8.1,75.0,Stanley Kramer,Spencer Tracy,27254,23457439.5,1960,old,high,low,1161.8488880681116,biography,3
Les quatre cents coups,1959,99,"crime, drama",8.1,79.0,François Truffaut,Jean-Pierre Léaud,105291,23457439.5,1950,old,high,low,4488.597316855491,crime,2
Ben-Hur,1959,212,"adventure, drama, history",8.1,90.0,William Wyler,Charlton Heston,219466,74700000.0,1950,old,high,medium,2937.9651941097723,adventure,3
Kakushi-toride no san-akunin,1958,139,"adventure, drama",8.1,79.0,Akira Kurosawa,Toshirô Mifune,34797,23457439.5,1950,old,high,low,1483.4099859876012,adventure,2
Le notti di Cabiria,1957,110,drama,8.1,79.0,Federico Fellini,Giulietta Masina,42940,752045.0,1950,old,high,low,57097.64708228896,drama,1
Kumonosu-jô,1957,110,"drama, history",8.1,79.0,Akira Kurosawa,Toshirô Mifune,46678,23457439.5,1950,old,high,low,1989.9017537698435,drama,2
The Bridge on the River Kwai,1957,161,"adventure, drama, war",8.1,87.0,David Lean,William Holden,203463,44908000.0,1950,old,high,low,4530.662688162465,adventure,3
On the Waterfront,1954,108,"crime, drama, thriller",8.1,91.0,Elia Kazan,Marlon Brando,142107,9600000.0,1950,old,high,low,14802.8125,crime,3
Le salaire de la peur,1953,131,"adventure, drama, thriller",8.1,85.0,Henri-Georges Clouzot,Yves Montand,54588,23457439.5,1950,old,high,low,2327.1082080377955,adventure,3
Ace in the Hole,1951,111,"drama, film-noir",8.1,72.0,Billy Wilder,Kirk Douglas,31568,3969893.0,1950,old,high,low,7951.851599022946,drama,2
White Heat,1949,114,"action, crime, drama",8.1,79.0,Raoul Walsh,James Cagney,29807,23457439.5,1940,old,high,low,1270.6842961270347,action,3
The Third Man,1949,104,"film-noir, mystery, thriller",8.1,97.0,Carol Reed,Orson Welles,158731,449191.0,1940,old,high,low,353370.8377950582,film-noir,3
The Red Shoes,1948,135,"drama, music, romance",8.1,79.0,Michael Powell,Emeric Pressburger,30935,10900000.0,1940,old,high,low,2838.0733944954127,drama,3
The Shop Around the Corner,1940,99,"comedy, drama, romance",8.1,96.0,Ernst Lubitsch,Margaret Sullavan,28450,203300.0,1940,old,high,low,139940.97393015248,comedy,3
Rebecca,1940,130,"drama, mystery, romance",8.1,86.0,Alfred Hitchcock,Laurence Olivier,123942,4360000.0,1940,old,high,low,28427.064220183485,drama,3
Mr. Smith Goes to Washington,1939,129,"comedy, drama",8.1,73.0,Frank Capra,James Stewart,107017,9600000.0,1930,old,high,low,11147.604166666668,comedy,2
Gone with the Wind,1939,238,"drama, history, romance",8.1,97.0,Victor Fleming,George Cukor,290074,198676459.0,1930,old,high,medium,1460.0320614733728,drama,3
La Grande Illusion,1937,113,"drama, war",8.1,79.0,Jean Renoir,Jean Gabin,33829,172885.0,1930,old,high,low,195673.42453075742,drama,2
It Happened One Night,1934,105,"comedy, romance",8.1,87.0,Frank Capra,Clark Gable,94016,4360000.0,1930,old,high,low,21563.302752293577,comedy,2
La passion de Jeanne d'Arc,1928,110,"biography, drama, history",8.1,79.0,Carl Theodor Dreyer,Maria Falconetti,47676,21877.0,1920,old,high,low,2179275.037710838,biography,3
The Circus,1928,72,"comedy, romance",8.1,90.0,Charles Chaplin,Charles Chaplin,30205,23457439.5,1920,old,high,low,1287.6511948373563,comedy,2
Sunrise: A Song of Two Humans,1927,94,"drama, romance",8.1,79.0,F.W. Murnau,George O'Brien,46865,539540.0,1920,old,high,low,86861.02976609704,drama,2
The General,1926,67,"action, adventure, comedy",8.1,79.0,Clyde Bruckman,Buster Keaton,81156,1033895.0,1920,old,high,low,78495.39846889675,action,3
Das Cabinet des Dr. Caligari,1920,76,"fantasy, horror, mystery",8.1,79.0,Robert Wiene,Werner Krauss,57428,23457439.5,1920,old,high,low,2448.178540543609,fantasy,3
Badhaai ho,2018,124,"comedy, drama",8.0,79.0,Amit Ravindernath Sharma,Ayushmann Khurrana,27978,23457439.5,2010,new,high,low,1192.71329677734,comedy,2
Togo,2019,113,"adventure, biography, drama",8.0,69.0,Ericson Core,Willem Dafoe,37556,23457439.5,2010,new,high,low,1601.0272561930726,adventure,3
Airlift,2016,130,"drama, history",8.0,79.0,Raja Menon,Akshay Kumar,52897,23457439.5,2010,new,high,low,2255.020203718313,drama,2
Bajrangi Bhaijaan,2015,163,"action, adventure, comedy",8.0,79.0,Kabir Khan,Salman Khan,72245,8178001.0,2010,new,high,low,8834.065928825394,action,3
Baby,2015,159,"action, crime, thriller",8.0,79.0,Neeraj Pandey,Akshay Kumar,52848,23457439.5,2010,new,high,low,2252.9313141786,action,3
La La Land,2016,128,"comedy, drama, music",8.0,94.0,Damien Chazelle,Ryan Gosling,505918,151101803.0,2010,new,high,medium,3348.1930060093327,comedy,3
Lion,2016,118,"biography, drama",8.0,69.0,Garth Davis,Dev Patel,213970,51739495.0,2010,new,high,medium,4135.525482032633,biography,2
The Martian,2015,144,"adventure, drama, sci-fi",8.0,80.0,Ridley Scott,Matt Damon,760094,228433663.0,2010,new,high,high,3327.416765190164,adventure,3
Zootopia,2016,108,"animation, adventure, comedy",8.0,78.0,Byron Howard,Rich Moore,434143,341268248.0,2010,new,high,high,1272.1458926937732,animation,3
Bãhubali: The Beginning,2015,159,"action, drama",8.0,79.0,S.S. Rajamouli,Prabhas,102972,6738000.0,2010,new,high,low,15282.27960819234,action,2
Kaguyahime no monogatari,2013,137,"animation, adventure, drama",8.0,89.0,Isao Takahata,Chloë Grace Moretz,38746,1506975.0,2010,new,high,low,25711.110005142753,animation,3
Wonder,2017,113,"drama, family",8.0,66.0,Stephen Chbosky,Jacob Tremblay,141923,132422809.0,2010,new,high,medium,1071.7413493320475,drama,2
Gully Boy,2019,154,"drama, music, romance",8.0,65.0,Zoya Akhtar,Vijay Varma,31886,5566534.0,2010,new,high,low,5728.160467536891,drama,3
Special Chabbis,2013,144,"crime, drama, thriller",8.0,79.0,Neeraj Pandey,Akshay Kumar,51069,1079369.0,2010,new,high,low,47313.754610332515,crime,3
Short Term 12,2013,96,drama,8.0,82.0,Destin Daniel Cretton,Brie Larson,81770,1010414.0,2010,new,high,low,80927.22389040532,drama,1
Serbuan maut 2: Berandal,2014,150,"action, crime, thriller",8.0,71.0,Gareth Evans,Iko Uwais,114316,2625803.0,2010,new,high,low,43535.63462300866,action,3
The Imitation Game,2014,114,"biography, drama, thriller",8.0,73.0,Morten Tyldum,Benedict Cumberbatch,685201,91125683.0,2010,new,high,medium,7519.296179102438,biography,3
Guardians of the Galaxy,2014,121,"action, adventure, comedy",8.0,76.0,James Gunn,Chris Pratt,1043455,333176600.0,2010,new,high,high,3131.837590034834,action,3
Blade Runner 2049,2017,164,"action, drama, mystery",8.0,81.0,Denis Villeneuve,Harrison Ford,461823,92054159.0,2010,new,high,medium,5016.8618671536615,action,3
Her,2013,126,"drama, romance, sci-fi",8.0,90.0,Spike Jonze,Joaquin Phoenix,540772,25568251.0,2010,new,high,low,21150.136550208303,drama,3
Bohemian Rhapsody,2018,134,"biography, drama, music",8.0,49.0,Bryan Singer,Rami Malek,450349,216428042.0,2010,new,high,high,2080.8255521712845,biography,3
The Revenant,2015,156,"action, adventure, drama",8.0,76.0,Alejandro G. Iñárritu,Leonardo DiCaprio,705589,183637894.0,2010,new,high,medium,3842.2843163296134,action,3
The Perks of Being a Wallflower,2012,103,"drama, romance",8.0,67.0,Stephen Chbosky,Logan Lerman,462252,17738570.0,2010,new,high,low,26059.146819613983,drama,2
Tropa de Elite 2: O Inimigo Agora é Outro,2010,115,"action, crime, drama",8.0,71.0,José Padilha,Wagner Moura,79200,100119.0,2010,new,high,low,791058.6402181404,action,3
The King's Speech,2010,118,"biography, drama, history",8.0,88.0,Tom Hooper,Colin Firth,639603,138797449.0,2010,new,high,medium,4608.1754715823345,biography,3
The Help,2011,146,drama,8.0,62.0,Tate Taylor,Emma Stone,428521,169708112.0,2010,new,high,medium,2525.047241112434,drama,1
Deadpool,2016,108,"action, adventure, comedy",8.0,65.0,Tim Miller,Ryan Reynolds,902669,363070709.0,2010,new,high,high,2486.2071701851332,action,3
Darbareye Elly,2009,119,"drama, mystery",8.0,87.0,Asghar Farhadi,Golshifteh Farahani,45803,106662.0,2000,new,high,low,429421.9122086591,drama,2
Dev.D,2009,144,"drama, romance",8.0,79.0,Anurag Kashyap,Abhay Deol,28749,10950.0,2000,new,high,low,2625479.4520547944,drama,2
Yip Man,2008,106,"action, biography, drama",8.0,59.0,Wilson Yip,Donnie Yen,211427,23457439.5,2000,new,high,low,9013.217320671338,action,3
My Name Is Khan,2010,165,drama,8.0,50.0,Karan Johar,Shah Rukh Khan,98575,4018695.0,2010,new,high,low,24529.10708575794,drama,1
Nefes: Vatan Sagolsun,2009,128,"action, drama, thriller",8.0,79.0,Levent Semerci,Erdem Can,31838,23457439.5,2000,new,high,low,1357.2666360281992,action,3
Slumdog Millionaire,2008,120,"drama, romance",8.0,84.0,Danny Boyle,Loveleen Tandan,798882,141319928.0,2000,new,high,medium,5653.003163149078,drama,2
Black Swan,2010,108,"drama, thriller",8.0,79.0,Darren Aronofsky,Natalie Portman,699673,106954678.0,2010,new,high,medium,6541.770898510863,drama,2
Tropa de Elite,2007,115,"action, crime, drama",8.0,33.0,José Padilha,Wagner Moura,98097,8060.0,2000,new,high,low,12170843.672456577,action,3
The Avengers,2012,143,"action, adventure, sci-fi",8.0,69.0,Joss Whedon,Robert Downey Jr.,1260806,623279547.0,2010,new,high,high,2022.8579713044876,action,3
Persepolis,2007,96,"animation, biography, drama",8.0,90.0,Vincent Paronnaud,Marjane Satrapi,88656,4445756.0,2000,new,high,low,19941.715199844526,animation,3
Dallas Buyers Club,2013,117,"biography, drama",8.0,80.0,Jean-Marc Vallée,Matthew McConaughey,441614,27298285.0,2010,new,high,low,16177.353265965243,biography,2
The Pursuit of Happyness,2006,117,"biography, drama",8.0,64.0,Gabriele Muccino,Will Smith,448930,163566459.0,2000,new,high,medium,2744.633604863941,biography,2
Blood Diamond,2006,143,"adventure, drama, thriller",8.0,64.0,Edward Zwick,Leonardo DiCaprio,499439,57366262.0,2000,new,high,medium,8706.14508576487,adventure,3
The Bourne Ultimatum,2007,115,"action, mystery, thriller",8.0,85.0,Paul Greengrass,Matt Damon,604694,227471070.0,2000,new,high,high,2658.3336509561414,action,3
Bin-jip,2004,88,"crime, drama, romance",8.0,72.0,Ki-duk Kim,Seung-Yun Lee,50610,238507.0,2000,new,high,low,212195.02991526455,crime,3
Sin City,2005,124,"crime, thriller",8.0,74.0,Frank Miller,Quentin Tarantino,738512,74103820.0,2000,new,high,medium,9965.909989525506,crime,2
Le scaphandre et le papillon,2007,112,"biography, drama",8.0,92.0,Julian Schnabel,Laura Obiols,103284,5990075.0,2000,new,high,low,17242.522005150186,biography,2
G.O.R.A.,2004,127,"adventure, comedy, sci-fi",8.0,79.0,Ömer Faruk Sorak,Cem Yilmaz,56960,23457439.5,2000,new,high,low,2428.227513919411,adventure,3
Ratatouille,2007,111,"animation, adventure, comedy",8.0,96.0,Brad Bird,Jan Pinkava,641645,206445654.0,2000,new,high,high,3108.0576779785347,animation,3
Casino Royale,2006,144,"action, adventure, thriller",8.0,80.0,Martin Campbell,Daniel Craig,582239,167445960.0,2000,new,high,medium,3477.175561596111,action,3
Kill Bill: Vol. 2,2004,137,"action, crime, thriller",8.0,83.0,Quentin Tarantino,Uma Thurman,683900,66208183.0,2000,new,high,medium,10329.538872861078,action,3
Vozvrashchenie,2003,110,drama,8.0,82.0,Andrey Zvyagintsev,Vladimir Garin,42399,502028.0,2000,new,high,low,84455.4487000725,drama,1
Bom Yeoareum Gaeul Gyeoul Geurigo Bom,2003,103,"drama, romance",8.0,85.0,Ki-duk Kim,Ki-duk Kim,77520,2380788.0,2000,new,high,low,32560.647987137032,drama,2
Mar adentro,2014,126,"biography, drama",8.0,74.0,Alejandro Amenábar,Javier Bardem,77554,2086345.0,2010,new,high,low,37172.183890967215,biography,2
Cinderella Man,2005,144,"biography, drama, history",8.0,69.0,Ron Howard,Russell Crowe,176151,61649911.0,2000,new,high,medium,2857.2790640362805,biography,3
Kal Ho Naa Ho,2003,186,"comedy, drama, musical",8.0,54.0,Nikkhil Advani,Preity Zinta,63460,1787378.0,2000,new,high,low,35504.521147737076,comedy,3
Mou gaan dou,2002,101,"action, crime, drama",8.0,75.0,Andrew Lau,Alan Mak,117857,169659.0,2000,new,high,low,694669.8966750953,action,3
Pirates of the Caribbean: The Curse of the Black Pearl,2003,143,"action, adventure, fantasy",8.0,63.0,Gore Verbinski,Johnny Depp,1015122,305413918.0,2000,new,high,high,3323.7581530256257,action,3
Big Fish,2003,125,"adventure, drama, fantasy",8.0,58.0,Tim Burton,Ewan McGregor,415218,66257002.0,2000,new,high,medium,6266.779169996252,adventure,3
The Incredibles,2004,115,"animation, action, adventure",8.0,90.0,Brad Bird,Craig T. Nelson,657047,261441092.0,2000,new,high,high,2513.174172329421,animation,3
Yeopgijeogin geunyeo,2001,137,"comedy, drama, romance",8.0,79.0,Jae-young Kwak,Tae-Hyun Cha,45403,23457439.5,2000,new,high,low,1935.5479953385366,comedy,3
Dogville,2003,178,"crime, drama",8.0,60.0,Lars von Trier,Nicole Kidman,137963,1530386.0,2000,new,high,low,90149.15191330815,crime,2
Vizontele,2001,110,"comedy, drama",8.0,79.0,Yilmaz Erdogan,Ömer Faruk Sorak,33592,23457439.5,2000,new,high,low,1432.0403554701697,comedy,2
Donnie Darko,2001,113,"drama, mystery, sci-fi",8.0,88.0,Richard Kelly,Jake Gyllenhaal,740086,1480006.0,2000,new,high,low,500056.0808537263,drama,3
Magnolia,1999,188,drama,8.0,77.0,Paul Thomas Anderson,Tom Cruise,289742,22455976.0,1990,middle,high,low,12902.667868900466,drama,1
Dancer in the Dark,2000,140,"crime, drama, musical",8.0,61.0,Lars von Trier,Björk,102285,4184036.0,2000,middle,high,low,24446.491378181257,crime,3
The Straight Story,1999,112,"biography, drama",8.0,86.0,David Lynch,Richard Farnsworth,82002,6203044.0,1990,middle,high,low,13219.638616137496,biography,2
Pâfekuto burû,1997,81,"animation, crime, mystery",8.0,79.0,Satoshi Kon,Junko Iwao,58192,776665.0,1990,middle,high,low,74925.4826727096,animation,3
Festen,1998,105,drama,8.0,82.0,Thomas Vinterberg,Ulrich Thomsen,78341,1647780.0,1990,middle,high,low,47543.36137105682,drama,1
Central do Brasil,1998,110,drama,8.0,80.0,Walter Salles,Fernanda Montenegro,36419,5595428.0,1990,middle,high,low,6508.706751297666,drama,1
The Iron Giant,1999,86,"animation, action, adventure",8.0,85.0,Brad Bird,Eli Marienthal,172083,23159305.0,1990,middle,high,low,7430.404323445803,animation,3
Knockin' on Heaven's Door,1997,87,"action, crime, comedy",8.0,79.0,Thomas Jahn,Til Schweiger,27721,3296.0,1990,middle,high,low,8410497.572815534,action,3
Sling Blade,1996,135,drama,8.0,84.0,Billy Bob Thornton,Billy Bob Thornton,86838,24475416.0,1990,middle,high,low,3547.9682960240593,drama,1
Secrets & Lies,1996,136,"comedy, drama",8.0,91.0,Mike Leigh,Timothy Spall,37564,13417292.0,1990,middle,high,low,2799.670753233961,comedy,2
Twelve Monkeys,1995,129,"mystery, sci-fi, thriller",8.0,74.0,Terry Gilliam,Bruce Willis,578443,57141459.0,1990,middle,high,medium,10123.000184507015,mystery,3
Kôkaku Kidôtai,1995,83,"animation, action, crime",8.0,76.0,Mamoru Oshii,Atsuko Tanaka,129231,515905.0,1990,middle,high,low,250493.79246179046,animation,3
The Nightmare Before Christmas,1993,76,"animation, family, fantasy",8.0,82.0,Henry Selick,Danny Elfman,300208,75082668.0,1990,middle,high,medium,3998.3661742014815,animation,3
Groundhog Day,1993,101,"comedy, fantasy, romance",8.0,72.0,Harold Ramis,Bill Murray,577991,70906973.0,1990,middle,high,medium,8151.3985937603065,comedy,3
Bound by Honor,1993,180,"crime, drama",8.0,47.0,Taylor Hackford,Damian Chapa,28825,4496583.0,1990,middle,high,low,6410.423203574803,crime,2
Scent of a Woman,1992,156,drama,8.0,59.0,Martin Brest,Al Pacino,263918,63895607.0,1990,middle,high,medium,4130.456104752241,drama,1
Aladdin,1992,90,"animation, adventure, comedy",8.0,86.0,Ron Clements,John Musker,373845,217350219.0,1990,middle,high,high,1720.012069553056,animation,3
JFK,1991,189,"drama, history, thriller",8.0,72.0,Oliver Stone,Kevin Costner,142110,70405498.0,1990,middle,high,medium,2018.4503204565076,drama,3
Beauty and the Beast,1991,84,"animation, family, fantasy",8.0,95.0,Gary Trousdale,Kirk Wise,417178,218967620.0,1990,middle,high,high,1905.2040662450456,animation,3
Dances with Wolves,1990,181,"adventure, drama, western",8.0,72.0,Kevin Costner,Kevin Costner,240266,184208848.0,1990,middle,high,medium,1304.3130262667949,adventure,3
Do the Right Thing,1989,120,"comedy, drama",8.0,93.0,Spike Lee,Danny Aiello,89429,27545445.0,1980,middle,high,low,3246.5984847948544,comedy,2
Rain Man,1988,133,drama,8.0,65.0,Barry Levinson,Dustin Hoffman,473064,178800000.0,1980,middle,high,medium,2645.7718120805366,drama,1
Akira,1988,124,"animation, action, sci-fi",8.0,79.0,Katsuhiro Ôtomo,Mitsuo Iwata,164918,553171.0,1980,middle,high,low,298132.0423521841,animation,3
The Princess Bride,1987,98,"adventure, family, fantasy",8.0,77.0,Rob Reiner,Cary Elwes,393899,30857814.0,1980,middle,high,low,12764.967732322191,adventure,3
Der Himmel über Berlin,1987,128,"drama, fantasy, romance",8.0,79.0,Wim Wenders,Bruno Ganz,64722,3333969.0,1980,middle,high,low,19412.897960358958,drama,3
Au revoir les enfants,1987,104,"drama, war",8.0,88.0,Louis Malle,Gaspard Manesse,31163,4542825.0,1980,middle,high,low,6859.828410735611,drama,2
Tenkû no shiro Rapyuta,1986,125,"animation, adventure, drama",8.0,78.0,Hayao Miyazaki,Mayumi Tanaka,150140,23457439.5,1980,middle,high,low,6400.528071275639,animation,3
The Terminator,1984,107,"action, sci-fi",8.0,84.0,James Cameron,Arnold Schwarzenegger,799795,38400000.0,1980,middle,high,low,20827.994791666668,action,2
Gandhi,1982,191,"biography, drama, history",8.0,79.0,Richard Attenborough,Ben Kingsley,217664,52767889.0,1980,middle,high,medium,4124.932873475383,biography,3
Kagemusha,1980,180,"drama, history, war",8.0,84.0,Akira Kurosawa,Tatsuya Nakadai,32195,23457439.5,1980,old,high,low,1372.4856883889652,drama,3
Being There,1979,130,"comedy, drama",8.0,83.0,Hal Ashby,Peter Sellers,65625,30177511.0,1970,old,high,low,2174.63262626265,comedy,2
Annie Hall,1977,93,"comedy, romance",8.0,92.0,Woody Allen,Woody Allen,251823,39200000.0,1970,old,high,low,6424.056122448979,comedy,2
Jaws,1975,124,"adventure, thriller",8.0,87.0,Steven Spielberg,Roy Scheider,543388,260000000.0,1970,old,high,high,2089.9538461538464,adventure,2
Dog Day Afternoon,1975,125,"biography, crime, drama",8.0,86.0,Sidney Lumet,Al Pacino,235652,50000000.0,1970,old,high,low,4713.04,biography,3
Young Frankenstein,1974,106,comedy,8.0,80.0,Mel Brooks,Gene Wilder,143359,86300000.0,1970,old,high,medium,1661.17033603708,comedy,1
Papillon,1973,151,"biography, crime, drama",8.0,58.0,Franklin J. Schaffner,Steve McQueen,121627,53267000.0,1970,old,high,medium,2283.3461617887247,biography,3
The Exorcist,1973,122,horror,8.0,81.0,William Friedkin,Ellen Burstyn,362393,232906145.0,1970,old,high,high,1555.9615226124668,horror,1
Sleuth,1972,138,"mystery, thriller",8.0,79.0,Joseph L. Mankiewicz,Laurence Olivier,44748,4081254.0,1970,old,high,low,10964.27715599176,mystery,2
The Last Picture Show,1971,118,"drama, romance",8.0,93.0,Peter Bogdanovich,Timothy Bottoms,42456,29133000.0,1970,old,high,low,1457.3164452682524,drama,2
Fiddler on the Roof,1971,181,"drama, family, musical",8.0,67.0,Norman Jewison,Topol,39491,80500000.0,1970,old,high,medium,490.57142857142856,drama,3
Il conformista,1970,113,drama,8.0,100.0,Bernardo Bertolucci,Jean-Louis Trintignant,27067,541940.0,1970,old,high,low,49944.643318448536,drama,1
Butch Cassidy and the Sundance Kid,1969,110,"biography, crime, drama",8.0,66.0,George Roy Hill,Paul Newman,201888,102308889.0,1960,old,high,medium,1973.3182714944742,biography,3
Rosemary's Baby,1968,137,"drama, horror",8.0,96.0,Roman Polanski,Mia Farrow,193674,23457439.5,1960,old,high,low,8256.399851313696,drama,2
Planet of the Apes,1968,112,"adventure, sci-fi",8.0,79.0,Franklin J. Schaffner,Charlton Heston,165167,33395426.0,1960,old,high,low,4945.7970681374145,adventure,2
The Graduate,1967,106,"comedy, drama, romance",8.0,83.0,Mike Nichols,Dustin Hoffman,253676,104945305.0,1960,old,high,medium,2417.221046715715,comedy,3
Who's Afraid of Virginia Woolf?,1966,131,drama,8.0,75.0,Mike Nichols,Elizabeth Taylor,68926,23457439.5,1960,old,high,low,2938.3428655970743,drama,1
The Sound of Music,1965,172,"biography, drama, family",8.0,63.0,Robert Wise,Julie Andrews,205425,163214286.0,1960,old,high,medium,1258.621441998037,biography,3
Doctor Zhivago,1965,197,"drama, romance, war",8.0,69.0,David Lean,Omar Sharif,69903,111722000.0,1960,old,high,medium,625.6869730223233,drama,3
Per un pugno di dollari,1964,99,"action, drama, western",8.0,65.0,Sergio Leone,Clint Eastwood,198219,14500000.0,1960,old,high,low,13670.275862068966,action,3
8½,1963,138,drama,8.0,91.0,Federico Fellini,Marcello Mastroianni,108844,50690.0,1960,old,high,low,2147247.977904912,drama,1
Vivre sa vie: Film en douze tableaux,1962,80,drama,8.0,79.0,Jean-Luc Godard,Anna Karina,28057,23457439.5,1960,old,high,low,1196.0810982801427,drama,1
The Hustler,1961,134,"drama, sport",8.0,90.0,Robert Rossen,Paul Newman,75067,8284000.0,1960,old,high,low,9061.68517624336,drama,2
La dolce vita,1960,174,"comedy, drama",8.0,95.0,Federico Fellini,Marcello Mastroianni,66621,19516000.0,1960,old,high,low,3413.6605861856942,comedy,2
Rio Bravo,1959,141,"action, drama, western",8.0,93.0,Howard Hawks,John Wayne,56305,12535000.0,1950,old,high,low,4491.822895891503,action,3
Anatomy of a Murder,1959,161,"crime, drama, mystery",8.0,95.0,Otto Preminger,James Stewart,59847,11900000.0,1950,old,high,low,5029.1596638655465,crime,3
Touch of Evil,1958,95,"crime, drama, film-noir",8.0,99.0,Orson Welles,Charlton Heston,98431,2237659.0,1950,old,high,low,43988.382501533975,crime,3
Cat on a Hot Tin Roof,1958,108,drama,8.0,84.0,Richard Brooks,Elizabeth Taylor,45062,17570324.0,1950,old,high,low,2564.6652844876394,drama,1
Sweet Smell of Success,1957,96,"drama, film-noir",8.0,100.0,Alexander Mackendrick,Burt Lancaster,28137,23457439.5,1950,old,high,low,1199.4915301817148,drama,2
The Killing,1956,84,"crime, drama, film-noir",8.0,91.0,Stanley Kubrick,Sterling Hayden,81702,23457439.5,1950,old,high,low,3482.9888402781557,crime,3
The Night of the Hunter,1955,92,"crime, drama, film-noir",8.0,99.0,Charles Laughton,Robert Mitchum,81980,654000.0,1950,old,high,low,125351.68195718653,crime,3
La Strada,1954,108,drama,8.0,79.0,Federico Fellini,Anthony Quinn,58314,23457439.5,1950,old,high,low,2485.949073853521,drama,1
Les diaboliques,1955,117,"crime, drama, horror",8.0,79.0,Henri-Georges Clouzot,Simone Signoret,61503,23457439.5,1950,old,high,low,2621.897415529943,crime,3
Stalag 17,1953,120,"comedy, drama, war",8.0,84.0,Billy Wilder,William Holden,51046,23457439.5,1950,old,high,low,2176.111335595686,comedy,3
Roman Holiday,1953,118,"comedy, romance",8.0,78.0,William Wyler,Gregory Peck,127256,23457439.5,1950,old,high,low,5424.974025830909,comedy,2
A Streetcar Named Desire,1951,122,drama,8.0,97.0,Elia Kazan,Vivien Leigh,99182,8000000.0,1950,old,high,low,12397.75,drama,1
In a Lonely Place,1950,94,"drama, film-noir, mystery",8.0,79.0,Nicholas Ray,Humphrey Bogart,26784,23457439.5,1950,old,high,low,1141.812600646375,drama,3
Kind Hearts and Coronets,1949,106,"comedy, crime",8.0,79.0,Robert Hamer,Dennis Price,34485,23457439.5,1940,old,high,low,1470.1093015714696,comedy,2
Rope,1948,80,"crime, drama, mystery",8.0,73.0,Alfred Hitchcock,James Stewart,129783,23457439.5,1940,old,high,low,5532.701043521822,crime,3
Out of the Past,1947,97,"crime, drama, film-noir",8.0,79.0,Jacques Tourneur,Robert Mitchum,32784,23457439.5,1940,old,high,low,1397.5949932642905,crime,3
Brief Encounter,1945,86,"drama, romance",8.0,92.0,David Lean,Celia Johnson,35601,23457439.5,1940,old,high,low,1517.6848265984017,drama,2
Laura,1944,88,"drama, film-noir, mystery",8.0,79.0,Otto Preminger,Gene Tierney,42725,4360000.0,1940,old,high,low,9799.311926605504,drama,3
The Best Years of Our Lives,1946,170,"drama, romance, war",8.0,93.0,William Wyler,Myrna Loy,57259,23650000.0,1940,old,high,low,2421.0993657505287,drama,3
Arsenic and Old Lace,1942,118,"comedy, crime, thriller",8.0,79.0,Frank Capra,Cary Grant,65101,23457439.5,1940,old,high,low,2775.2815903031533,comedy,3
The Maltese Falcon,1941,100,"film-noir, mystery",8.0,96.0,John Huston,Humphrey Bogart,148928,2108060.0,1940,old,high,low,70646.9455328596,film-noir,2
The Grapes of Wrath,1940,129,"drama, history",8.0,96.0,John Ford,Henry Fonda,85559,55000.0,1940,old,high,low,1555618.1818181819,drama,2
The Wizard of Oz,1939,102,"adventure, family, fantasy",8.0,92.0,Victor Fleming,George Cukor,371379,2076020.0,1930,old,high,low,178889.8950877159,adventure,3
La règle du jeu,1939,110,"comedy, drama",8.0,79.0,Jean Renoir,Marcel Dalio,26725,23457439.5,1930,old,high,low,1139.2974071189653,comedy,2
The Thin Man,1934,91,"comedy, crime, mystery",8.0,86.0,W.S. Van Dyke,William Powell,26642,23457439.5,1930,old,high,low,1135.7590840210842,comedy,3
All Quiet on the Western Front,1930,152,"drama, war",8.0,91.0,Lewis Milestone,Lew Ayres,57318,3270000.0,1930,old,high,low,17528.440366972478,drama,2
Bronenosets Potemkin,1925,75,"drama, history, thriller",8.0,97.0,Sergei M. Eisenstein,Aleksandr Antonov,53054,50970.0,1920,old,high,low,1040886.7961546007,drama,3
Knives Out,2019,130,"comedy, crime, drama",7.9,82.0,Rian Johnson,Daniel Craig,454203,165359751.0,2010,new,high,medium,2746.7566759942692,comedy,3
Dil Bechara,2020,101,"comedy, drama, romance",7.9,79.0,Mukesh Chhabra,Sushant Singh Rajput,111478,23457439.5,2020,new,high,low,4752.351594043331,comedy,3
Manbiki kazoku,2018,121,"crime, drama",7.9,93.0,Hirokazu Koreeda,Lily Franky,62754,3313513.0,2010,new,high,low,18938.812070452117,crime,2
Marriage Story,2019,137,"comedy, drama, romance",7.9,94.0,Noah Baumbach,Adam Driver,246644,2000000.0,2010,new,high,low,123322.0,comedy,3
Call Me by Your Name,2017,132,"drama, romance",7.9,93.0,Luca Guadagnino,Armie Hammer,212651,18095701.0,2010,new,high,low,11751.465168439732,drama,2
"I, Daniel Blake",2016,100,drama,7.9,78.0,Ken Loach,Laura Obiols,53818,258168.0,2010,new,high,low,208461.15707601252,drama,1
Isle of Dogs,2018,101,"animation, adventure, comedy",7.9,82.0,Wes Anderson,Bryan Cranston,139114,32015231.0,2010,new,high,low,4345.244299502321,animation,3
Hunt for the Wilderpeople,2016,101,"adventure, comedy, drama",7.9,81.0,Taika Waititi,Sam Neill,111483,5202582.0,2010,new,high,low,21428.398437545053,adventure,3
Captain Fantastic,2016,118,"comedy, drama",7.9,72.0,Matt Ross,Viggo Mortensen,189400,5875006.0,2010,new,high,low,32238.264948154945,comedy,2
Sing Street,2016,106,"comedy, drama, music",7.9,79.0,John Carney,Ferdia Walsh-Peelo,85109,3237118.0,2010,new,high,low,26291.59641384713,comedy,3
Thor: Ragnarok,2017,130,"action, adventure, comedy",7.9,74.0,Taika Waititi,Chris Hemsworth,587775,315058289.0,2010,new,high,high,1865.6071607117754,action,3
Nightcrawler,2014,117,"crime, drama, thriller",7.9,76.0,Dan Gilroy,Jake Gyllenhaal,466134,32381218.0,2010,new,high,low,14395.196622931233,crime,3
Jojo Rabbit,2019,108,"comedy, drama, war",7.9,58.0,Taika Waititi,Roman Griffin Davis,297918,349555.0,2010,new,high,low,852277.8961822889,comedy,3
Arrival,2016,116,"drama, sci-fi",7.9,81.0,Denis Villeneuve,Amy Adams,594181,100546139.0,2010,new,high,medium,5909.535720710271,drama,2
Star Wars: Episode VII - The Force Awakens,2015,138,"action, adventure, sci-fi",7.9,80.0,J.J. Abrams,Daisy Ridley,860823,936662225.0,2010,new,high,high,919.0324719244443,action,3
Before Midnight,2013,109,"drama, romance",7.9,94.0,Richard Linklater,Ethan Hawke,141457,8114627.0,2010,new,high,low,17432.347783822963,drama,2
X-Men: Days of Future Past,2014,132,"action, adventure, sci-fi",7.9,75.0,Bryan Singer,Patrick Stewart,659763,233921534.0,2010,new,high,high,2820.4457653736144,action,3
Bir Zamanlar Anadolu'da,2011,157,"crime, drama",7.9,82.0,Nuri Bilge Ceylan,Muhammet Uzuner,41995,138730.0,2010,new,high,low,302710.30058386794,crime,2
The Artist,2011,100,"comedy, drama, romance",7.9,89.0,Michel Hazanavicius,Jean Dujardin,230624,44671682.0,2010,new,high,low,5162.644200413139,comedy,3
Edge of Tomorrow,2014,113,"action, adventure, sci-fi",7.9,71.0,Doug Liman,Tom Cruise,600004,100206256.0,2010,new,high,medium,5987.690030051617,action,3
Amour,2012,127,"drama, romance",7.9,94.0,Michael Haneke,Jean-Louis Trintignant,93090,6739492.0,2010,new,high,low,13812.613769702522,drama,2
The Irishman,2019,209,"biography, crime, drama",7.9,94.0,Martin Scorsese,Robert De Niro,324720,7000000.0,2010,new,high,low,46388.57142857143,biography,3
Un prophète,2009,155,"crime, drama",7.9,90.0,Jacques Audiard,Tahar Rahim,93560,2084637.0,2000,new,high,low,44880.71544350408,crime,2
Moon,2009,97,"drama, mystery, sci-fi",7.9,67.0,Duncan Jones,Sam Rockwell,335152,5009677.0,2000,new,high,low,66900.91995951037,drama,3
Låt den rätte komma in,2008,114,"crime, drama, fantasy",7.9,82.0,Tomas Alfredson,Kåre Hedebrant,205609,2122065.0,2000,new,high,low,96891.00004005533,crime,3
District 9,2009,112,"action, sci-fi, thriller",7.9,81.0,Neill Blomkamp,Sharlto Copley,638202,115646235.0,2000,new,high,medium,5518.571356862591,action,3
The Wrestler,2008,109,"drama, sport",7.9,80.0,Darren Aronofsky,Mickey Rourke,289415,26236603.0,2000,new,high,low,11030.963116680921,drama,2
Jab We Met,2007,138,"comedy, drama, romance",7.9,79.0,Imtiaz Ali,Shahid Kapoor,47720,410800.0,2000,new,high,low,116163.58325219085,comedy,3
Boyhood,2014,165,drama,7.9,100.0,Richard Linklater,Ellar Coltrane,335533,25379975.0,2010,new,high,low,13220.38339281264,drama,1
"4 luni, 3 saptamâni si 2 zile",2007,113,drama,7.9,97.0,Cristian Mungiu,Anamaria Marinca,56625,1185783.0,2000,new,high,low,47753.25670885819,drama,1
Star Trek,2009,127,"action, adventure, sci-fi",7.9,82.0,J.J. Abrams,Chris Pine,577336,257730019.0,2000,new,high,high,2240.0805394733625,action,3
In Bruges,2008,107,"comedy, crime, drama",7.9,67.0,Martin McDonagh,Colin Farrell,390334,7757130.0,2000,new,high,low,50319.3835864553,comedy,3
The Man from Earth,2007,87,"drama, fantasy, mystery",7.9,79.0,Richard Schenkman,David Lee Smith,174125,23457439.5,2000,new,high,low,7423.018185765757,drama,3
Letters from Iwo Jima,2006,141,"action, adventure, drama",7.9,89.0,Clint Eastwood,Ken Watanabe,154011,13756082.0,2000,new,high,low,11195.847771189501,action,3
The Fall,2006,117,"adventure, drama, fantasy",7.9,64.0,Tarsem Singh,Lee Pace,107290,2280348.0,2000,new,high,low,47049.83625306313,adventure,3
Life of Pi,2012,127,"adventure, drama, fantasy",7.9,79.0,Ang Lee,Suraj Sharma,580708,124987023.0,2010,new,high,medium,4646.146344328883,adventure,3
Fantastic Mr. Fox,2009,87,"animation, adventure, comedy",7.9,83.0,Wes Anderson,George Clooney,199696,21002919.0,2000,new,high,low,9508.011719704295,animation,3
C.R.A.Z.Y.,2005,129,"comedy, drama",7.9,81.0,Jean-Marc Vallée,Michel Côté,31476,23457439.5,2000,new,high,low,1341.834431673585,comedy,2
Les choristes,2004,97,"drama, music",7.9,56.0,Christophe Barratier,Gérard Jugnot,57430,3635164.0,2000,new,high,low,15798.461912584962,drama,2
Iron Man,2008,126,"action, adventure, sci-fi",7.9,79.0,Jon Favreau,Robert Downey Jr.,939644,318412101.0,2000,new,high,high,2951.031060217149,action,3
Shaun of the Dead,2004,99,"comedy, horror",7.9,76.0,Edgar Wright,Simon Pegg,512249,13542874.0,2000,new,high,low,37824.246168132406,comedy,2
Gegen die Wand,2004,121,"drama, romance",7.9,78.0,Fatih Akin,Birol Ünel,51325,23457439.5,2000,new,high,low,2188.005216852419,drama,2
Mystic River,2003,138,"crime, drama, mystery",7.9,84.0,Clint Eastwood,Sean Penn,419420,90135191.0,2000,new,high,medium,4653.232498281387,crime,3
Harry Potter and the Prisoner of Azkaban,2004,142,"adventure, family, fantasy",7.9,82.0,Alfonso Cuarón,Daniel Radcliffe,552493,249358727.0,2000,new,high,high,2215.6553598382784,adventure,3
Ying xiong,2002,120,"action, adventure, history",7.9,85.0,Yimou Zhang,Jet Li,173999,53710019.0,2000,new,high,medium,3239.600417940645,action,3
Hable con ella,2002,112,"drama, mystery, romance",7.9,86.0,Pedro Almodóvar,Rosario Flores,104691,9284265.0,2000,new,high,low,11276.175335365804,drama,3
No Man's Land,2001,98,"comedy, drama, war",7.9,84.0,Danis Tanovic,Branko Djuric,44618,1059830.0,2000,new,high,low,42099.20458941528,comedy,3
Cowboy Bebop: Tengoku no tobira,2001,115,"animation, action, crime",7.9,61.0,Shin'ichirô Watanabe,Tensai Okamura,42897,1000045.0,2000,new,high,low,42895.069721862514,animation,3
The Bourne Identity,2002,119,"action, mystery, thriller",7.9,68.0,Doug Liman,Franka Potente,508771,121661683.0,2000,new,high,medium,4181.850747535689,action,3
Nueve reinas,2000,114,"crime, drama, thriller",7.9,80.0,Fabián Bielinsky,Ricardo Darín,49721,1221261.0,2000,middle,high,low,40712.8369775175,crime,3
Children of Men,2006,109,"adventure, drama, sci-fi",7.9,84.0,Alfonso Cuarón,Julianne Moore,465113,35552383.0,2000,new,high,low,13082.470449308561,adventure,3
Almost Famous,2000,122,"adventure, comedy, drama",7.9,90.0,Cameron Crowe,Billy Crudup,252586,32534850.0,2000,middle,high,low,7763.552006540679,adventure,3
Mulholland Dr.,2001,147,"drama, mystery, thriller",7.9,85.0,David Lynch,Naomi Watts,322031,7220243.0,2000,new,high,low,44601.130460567605,drama,3
Toy Story 2,1999,92,"animation, adventure, comedy",7.9,88.0,John Lasseter,Ash Brannon,527512,245852179.0,1990,middle,high,high,2145.647039394351,animation,3
Boogie Nights,1997,155,drama,7.9,85.0,Paul Thomas Anderson,Mark Wahlberg,239473,26400640.0,1990,middle,high,low,9070.727073283073,drama,1
Mimi wo sumaseba,1995,111,"animation, drama, family",7.9,75.0,Yoshifumi Kondô,Yoko Honna,51943,23457439.5,1990,middle,high,low,2214.3508032920645,animation,3
Once Were Warriors,1994,102,"crime, drama",7.9,77.0,Lee Tamahori,Rena Owen,31590,2201126.0,1990,middle,high,low,14351.74542484165,crime,2
True Romance,1993,119,"crime, drama, romance",7.9,59.0,Tony Scott,Christian Slater,206918,12281500.0,1990,middle,high,low,16847.942026625413,crime,3
Trois couleurs: Bleu,1993,94,"drama, music, mystery",7.9,85.0,Krzysztof Kieslowski,Juliette Binoche,89836,1324974.0,1990,middle,high,low,67802.08517299207,drama,3
Jûbê ninpûchô,1993,94,"animation, action, adventure",7.9,79.0,Yoshiaki Kawajiri,Kôichi Yamadera,34529,23457439.5,1990,middle,high,low,1471.9850391173343,animation,3
Carlito's Way,1993,144,"crime, drama, thriller",7.9,65.0,Brian De Palma,Al Pacino,201000,36948322.0,1990,middle,high,low,5440.030537787346,crime,3
Edward Scissorhands,1990,105,"drama, fantasy, romance",7.9,74.0,Tim Burton,Johnny Depp,447368,56362352.0,1990,middle,high,medium,7937.355062826335,drama,3
My Left Foot: The Story of Christy Brown,1989,103,"biography, drama",7.9,97.0,Jim Sheridan,Daniel Day-Lewis,68076,14743391.0,1980,middle,high,low,4617.390938082019,biography,2
Crimes and Misdemeanors,1989,104,"comedy, drama",7.9,77.0,Woody Allen,Martin Landau,54670,18254702.0,1980,middle,high,low,2994.844835045787,comedy,2
The Untouchables,1987,119,"crime, drama, thriller",7.9,79.0,Brian De Palma,Kevin Costner,281842,76270454.0,1980,middle,high,medium,3695.297264127994,crime,3
Hannah and Her Sisters,1986,107,"comedy, drama",7.9,90.0,Woody Allen,Mia Farrow,67176,40084041.0,1980,middle,high,low,1675.8789364575293,comedy,2
Brazil,1985,132,"drama, sci-fi",7.9,84.0,Terry Gilliam,Jonathan Pryce,187567,9929135.0,1980,middle,high,low,18890.56801020431,drama,2
This Is Spinal Tap,1984,82,"comedy, music",7.9,92.0,Rob Reiner,Rob Reiner,128812,188751.0,1980,middle,high,low,682444.0665215019,comedy,2
A Christmas Story,1983,93,"comedy, family",7.9,77.0,Bob Clark,Peter Billingsley,132947,20605209.0,1980,middle,high,low,6452.106358154388,comedy,2
The Blues Brothers,1980,133,"action, adventure, comedy",7.9,60.0,John Landis,John Belushi,183182,57229890.0,1980,old,high,medium,3200.809926421316,action,3
Manhattan,1979,96,"comedy, drama, romance",7.9,83.0,Woody Allen,Woody Allen,131436,45700000.0,1970,old,high,low,2876.061269146608,comedy,3
All That Jazz,1979,123,"drama, music, musical",7.9,72.0,Bob Fosse,Roy Scheider,28223,37823676.0,1970,old,high,low,746.1728468697754,drama,3
Dawn of the Dead,1978,127,"action, adventure, horror",7.9,71.0,George A. Romero,David Emge,111512,5100000.0,1970,old,high,low,21865.09803921569,action,3
All the President's Men,1976,138,"biography, drama, history",7.9,84.0,Alan J. Pakula,Dustin Hoffman,103031,70600000.0,1970,old,high,medium,1459.3626062322946,biography,3
La montaña sagrada,1973,114,"adventure, drama, fantasy",7.9,76.0,Alejandro Jodorowsky,Alejandro Jodorowsky,37183,61001.0,1970,old,high,low,609547.384469107,adventure,3
Amarcord,1973,123,"comedy, drama, family",7.9,79.0,Federico Fellini,Magali Noël,39897,23457439.5,1970,old,high,low,1700.8250197128293,comedy,3
Le charme discret de la bourgeoisie,1972,102,comedy,7.9,93.0,Luis Buñuel,Fernando Rey,38737,198809.0,1970,old,high,low,194845.3037840339,comedy,1
"Aguirre, der Zorn Gottes",1972,95,"action, adventure, biography",7.9,79.0,Werner Herzog,Klaus Kinski,52397,23457439.5,1970,old,high,low,2233.7050043334866,action,3
Harold and Maude,1971,91,"comedy, drama, romance",7.9,62.0,Hal Ashby,Ruth Gordon,70826,23457439.5,1970,old,high,low,3019.3406232594143,comedy,3
Patton,1970,172,"biography, drama, war",7.9,91.0,Franklin J. Schaffner,George C. Scott,93741,61700000.0,1970,old,high,medium,1519.3030794165315,biography,3
The Wild Bunch,1969,145,"action, adventure, western",7.9,97.0,Sam Peckinpah,William Holden,77401,12064472.0,1960,old,high,low,6415.614375830123,action,3
Night of the Living Dead,1968,96,"horror, thriller",7.9,89.0,George A. Romero,Duane Jones,116557,89029.0,1960,old,high,low,1309202.6193712163,horror,2
The Lion in Winter,1968,134,"biography, drama, history",7.9,79.0,Anthony Harvey,Peter O'Toole,29003,22276975.0,1960,old,high,low,1301.9272140853952,biography,3
In the Heat of the Night,1967,110,"crime, drama, mystery",7.9,75.0,Norman Jewison,Sidney Poitier,67804,24379978.0,1960,old,high,low,2781.1345851091414,crime,3
Charade,1963,113,"comedy, mystery, romance",7.9,83.0,Stanley Donen,Cary Grant,68689,13474588.0,1960,old,high,low,5097.669776619515,comedy,3
The Manchurian Candidate,1962,126,"drama, thriller",7.9,94.0,John Frankenheimer,Frank Sinatra,71122,23457439.5,1960,old,high,low,3031.959221295231,drama,2
Spartacus,1960,197,"adventure, biography, drama",7.9,87.0,Stanley Kubrick,Kirk Douglas,124339,30000000.0,1960,old,high,low,4144.633333333333,adventure,3
L'avventura,1960,144,"drama, mystery",7.9,79.0,Michelangelo Antonioni,Gabriele Ferzetti,26542,23457439.5,1960,old,high,low,1131.496044144119,drama,2
Hiroshima mon amour,1959,90,"drama, romance",7.9,79.0,Alain Resnais,Emmanuelle Riva,28421,88300.0,1950,old,high,low,321868.62967157416,drama,2
The Ten Commandments,1956,220,"adventure, drama",7.9,79.0,Cecil B. DeMille,Charlton Heston,63560,93740000.0,1950,old,high,medium,678.0456582035417,adventure,2
The Searchers,1956,119,"adventure, drama, western",7.9,94.0,John Ford,John Wayne,80316,23457439.5,1950,old,high,low,3423.9031075834173,adventure,3
East of Eden,1955,118,drama,7.9,72.0,Elia Kazan,James Dean,40313,23457439.5,1950,old,high,low,1718.5592656010049,drama,1
High Noon,1952,85,"drama, thriller, western",7.9,89.0,Fred Zinnemann,Gary Cooper,97222,9450000.0,1950,old,high,low,10288.04232804233,drama,3
Strangers on a Train,1951,101,"crime, film-noir, thriller",7.9,88.0,Alfred Hitchcock,Farley Granger,123341,7630000.0,1950,old,high,low,16165.26867627785,crime,3
Harvey,1950,104,"comedy, drama, fantasy",7.9,79.0,Henry Koster,James Stewart,52573,23457439.5,1950,old,high,low,2241.2079545169454,comedy,3
Miracle on 34th Street,1947,96,"comedy, drama, family",7.9,88.0,George Seaton,Edmund Gwenn,41625,2650000.0,1940,old,high,low,15707.547169811322,comedy,3
Notorious,1946,102,"drama, film-noir, romance",7.9,100.0,Alfred Hitchcock,Cary Grant,92306,10464000.0,1940,old,high,low,8821.292048929663,drama,3
The Big Sleep,1946,114,"crime, film-noir, mystery",7.9,79.0,Howard Hawks,Humphrey Bogart,78796,6540000.0,1940,old,high,low,12048.318042813456,crime,3
The Lost Weekend,1945,101,"drama, film-noir",7.9,79.0,Billy Wilder,Ray Milland,33549,9460000.0,1940,old,high,low,3546.405919661733,drama,2
The Philadelphia Story,1940,112,"comedy, romance",7.9,96.0,George Cukor,Cary Grant,63550,23457439.5,1940,old,high,low,2709.161841811422,comedy,2
His Girl Friday,1940,92,"comedy, drama, romance",7.9,79.0,Howard Hawks,Cary Grant,53667,296000.0,1940,old,high,low,181307.43243243246,comedy,3
The Adventures of Robin Hood,1938,102,"action, adventure, romance",7.9,97.0,Michael Curtiz,William Keighley,47175,3981000.0,1930,old,high,low,11850.037678975132,action,3
A Night at the Opera,1935,96,"comedy, music, musical",7.9,79.0,Sam Wood,Edmund Goulding,30580,2537520.0,1930,old,high,low,12051.136542766164,comedy,3
King Kong,1933,100,"adventure, horror, sci-fi",7.9,90.0,Merian C. Cooper,Ernest B. Schoedsack,78991,10000000.0,1930,old,high,low,7899.1,adventure,3
Freaks,1932,64,"drama, horror",7.9,80.0,Tod Browning,Wallace Ford,42117,23457439.5,1930,old,high,low,1795.464504981458,drama,2
Nosferatu,1922,94,"fantasy, horror",7.9,79.0,F.W. Murnau,Max Schreck,88794,23457439.5,1920,old,high,low,3785.323628352532,fantasy,2
The Gentlemen,2019,113,"action, comedy, crime",7.8,51.0,Guy Ritchie,Matthew McConaughey,237392,23457439.5,2010,new,high,low,10120.115624725368,action,3
Raazi,2018,138,"action, drama, thriller",7.8,79.0,Meghna Gulzar,Alia Bhatt,25344,23457439.5,2010,new,high,low,1080.424826418075,action,3
Sound of Metal,2019,120,"drama, music",7.8,81.0,Darius Marder,Riz Ahmed,27187,23457439.5,2010,new,high,low,1158.992651350545,drama,2
Forushande,2016,124,drama,7.8,85.0,Asghar Farhadi,Shahab Hosseini,51240,2402067.0,2010,new,high,low,21331.6281352685,drama,1
Dunkirk,2017,106,"action, drama, history",7.8,94.0,Christopher Nolan,Fionn Whitehead,555092,188373161.0,2010,new,high,medium,2946.7679846387455,action,3
Perfetti sconosciuti,2016,96,"comedy, drama",7.8,79.0,Paolo Genovese,Giuseppe Battiston,57168,23457439.5,2010,new,high,low,2437.094636863499,comedy,2
Hidden Figures,2016,127,"biography, drama, history",7.8,74.0,Theodore Melfi,Taraji P. Henson,200876,169607287.0,2010,new,high,medium,1184.359490403263,biography,3
Paddington 2,2017,103,"adventure, comedy, family",7.8,88.0,Paul King,Ben Whishaw,61594,40442052.0,2010,new,high,low,1523.0186638403018,adventure,3
Udta Punjab,2016,148,"action, crime, drama",7.8,79.0,Abhishek Chaubey,Shahid Kapoor,27175,23457439.5,2010,new,high,low,1158.4810865653092,action,3
Kubo and the Two Strings,2016,101,"animation, action, adventure",7.8,84.0,Travis Knight,Charlize Theron,118035,48023088.0,2010,new,high,low,2457.8802595951347,animation,3
M.S. Dhoni: The Untold Story,2016,184,"biography, drama, sport",7.8,79.0,Neeraj Pandey,Sushant Singh Rajput,40416,1782795.0,2010,new,high,low,22670.02095024947,biography,3
Manchester by the Sea,2016,137,drama,7.8,96.0,Kenneth Lonergan,Casey Affleck,246963,47695120.0,2010,new,high,low,5177.951119527532,drama,1
Under sandet,2015,100,"drama, history, war",7.8,75.0,Martin Zandvliet,Roland Møller,35539,435266.0,2010,new,high,low,81648.92272771134,drama,3
Rogue One,2016,133,"action, adventure, sci-fi",7.8,65.0,Gareth Edwards,Felicity Jones,556608,532177324.0,2010,new,high,high,1045.907021773066,action,3
Captain America: Civil War,2016,147,"action, adventure, sci-fi",7.8,75.0,Anthony Russo,Joe Russo,663649,408084349.0,2010,new,high,high,1626.2544780907538,action,3
The Hateful Eight,2015,168,"crime, drama, mystery",7.8,68.0,Quentin Tarantino,Samuel L. Jackson,517059,54117416.0,2010,new,high,medium,9554.391880055766,crime,3
Little Women,2019,135,"drama, romance",7.8,91.0,Greta Gerwig,Saoirse Ronan,143250,108101214.0,2010,new,high,medium,1325.1470052871007,drama,2
Loving Vincent,2017,94,"animation, biography, crime",7.8,62.0,Dorota Kobiela,Hugh Welchman,50778,6735118.0,2010,new,high,low,7539.288843937107,animation,3
Pride,2014,119,"biography, comedy, drama",7.8,79.0,Matthew Warchus,Bill Nighy,51841,23457439.5,2010,new,high,low,2210.00250261756,biography,3
Le passé,2013,130,"drama, mystery",7.8,85.0,Asghar Farhadi,Bérénice Bejo,45002,1330596.0,2010,new,high,low,33820.93437827861,drama,2
La grande bellezza,2013,141,drama,7.8,86.0,Paolo Sorrentino,Toni Servillo,81125,2852400.0,2010,new,high,low,28440.96199691488,drama,1
The Lunchbox,2013,104,"drama, romance",7.8,76.0,Ritesh Batra,Irrfan Khan,50523,4231500.0,2010,new,high,low,11939.737681673167,drama,2
Vicky Donor,2012,126,"comedy, romance",7.8,79.0,Shoojit Sircar,Ayushmann Khurrana,39710,169209.0,2010,new,high,low,234680.18840605405,comedy,2
Big Hero 6,2014,102,"animation, action, adventure",7.8,74.0,Don Hall,Chris Williams,410983,222527828.0,2010,new,high,high,1846.883617630061,animation,3
About Time,2013,123,"comedy, drama, fantasy",7.8,55.0,Richard Curtis,Domhnall Gleeson,303032,15322921.0,2010,new,high,low,19776.385977582213,comedy,3
English Vinglish,2012,134,"comedy, drama, family",7.8,79.0,Gauri Shinde,Sridevi,33618,1670773.0,2010,new,high,low,20121.225325044157,comedy,3
Kaze tachinu,2013,126,"animation, biography, drama",7.8,83.0,Hayao Miyazaki,Hideaki Anno,73690,5209580.0,2010,new,high,low,14145.09423024505,animation,3
Toy Story 4,2019,100,"animation, adventure, comedy",7.8,84.0,Josh Cooley,Tom Hanks,203177,434038008.0,2010,new,high,high,468.1087744739627,animation,3
La migliore offerta,2013,131,"crime, drama, mystery",7.8,49.0,Giuseppe Tornatore,Geoffrey Rush,108399,85433.0,2010,new,high,low,1268818.8404948907,crime,3
Moonrise Kingdom,2012,94,"comedy, drama, romance",7.8,84.0,Wes Anderson,Jared Gilman,318789,45512466.0,2010,new,high,low,7004.432587766173,comedy,3
How to Train Your Dragon 2,2014,102,"animation, action, adventure",7.8,76.0,Dean DeBlois,Jay Baruchel,305611,177002924.0,2010,new,high,medium,1726.5872963770926,animation,3
The Big Short,2015,130,"biography, comedy, drama",7.8,81.0,Adam McKay,Christian Bale,362942,70259870.0,2010,new,high,medium,5165.708390863802,biography,3
Kokuhaku,2010,106,"drama, thriller",7.8,79.0,Tetsuya Nakashima,Takako Matsu,35713,23457439.5,2010,new,high,low,1522.459431260603,drama,2
Ang-ma-reul bo-at-da,2010,144,"action, crime, drama",7.8,67.0,Jee-woon Kim,Lee Byung-Hun,111252,128392.0,2010,new,high,low,866502.5858308929,action,3
The Girl with the Dragon Tattoo,2011,158,"crime, drama, mystery",7.8,71.0,David Fincher,Daniel Craig,423010,102515793.0,2010,new,high,medium,4126.291058393315,crime,3
Captain Phillips,2013,134,"adventure, biography, crime",7.8,82.0,Paul Greengrass,Tom Hanks,421244,107100855.0,2010,new,high,medium,3933.152541125839,adventure,3
Ajeossi,2010,119,"action, crime, drama",7.8,79.0,Jeong-beom Lee,Won Bin,62848,6460.0,2010,new,high,low,9728792.569659444,action,3
Straight Outta Compton,2015,147,"biography, drama, history",7.8,72.0,F. Gary Gray,O'Shea Jackson Jr.,179264,161197785.0,2010,new,high,medium,1112.074834030753,biography,3
Madeo,2009,129,"crime, drama, mystery",7.8,79.0,Bong Joon Ho,Hye-ja Kim,52758,547292.0,2000,new,high,low,96398.26637334366,crime,3
Chugyeokja,2008,125,"action, crime, thriller",7.8,64.0,Hong-jin Na,Kim Yoon-seok,58468,23457439.5,2000,new,high,low,2492.5141552640475,action,3
The Hobbit: The Desolation of Smaug,2013,161,"adventure, fantasy",7.8,66.0,Peter Jackson,Ian McKellen,601408,258366855.0,2010,new,high,high,2327.7289186339326,adventure,2
Das weiße Band - Eine deutsche Kindergeschichte,2009,144,"drama, history, mystery",7.8,82.0,Michael Haneke,Christian Friedel,68715,2222647.0,2000,new,high,low,30915.84043710045,drama,3
Män som hatar kvinnor,2009,152,"crime, drama, mystery",7.8,76.0,Niels Arden Oplev,Michael Nyqvist,208994,10095170.0,2000,new,high,low,20702.375492438463,crime,3
The Trial of the Chicago 7,2020,129,"drama, history, thriller",7.8,77.0,Aaron Sorkin,Eddie Redmayne,89896,23457439.5,2020,new,high,low,3832.302327796689,drama,3
Druk,2020,117,"comedy, drama",7.8,81.0,Thomas Vinterberg,Mads Mikkelsen,33931,23457439.5,2020,new,high,low,1446.492060653082,comedy,2
The Fighter,2010,116,"biography, drama, sport",7.8,79.0,David O. Russell,Mark Wahlberg,340584,93617009.0,2010,new,high,medium,3638.0568407179085,biography,3
Taken,2008,90,"action, thriller",7.8,51.0,Pierre Morel,Liam Neeson,564791,145000989.0,2000,new,high,medium,3895.0837776699577,action,2
The Boy in the Striped Pyjamas,2008,94,"drama, history, war",7.8,55.0,Mark Herman,Asa Butterfield,190748,9030581.0,2000,new,high,low,21122.450482421897,drama,3
Once,2007,86,"drama, music, romance",7.8,88.0,John Carney,Glen Hansard,110656,9439923.0,2000,new,high,low,11722.12951313268,drama,3
The Hobbit: An Unexpected Journey,2012,169,"adventure, fantasy",7.8,58.0,Peter Jackson,Martin Freeman,757377,303003568.0,2010,new,high,high,2499.5646255888314,adventure,2
Auf der anderen Seite,2007,122,drama,7.8,85.0,Fatih Akin,Baki Davrak,30827,741283.0,2000,new,high,low,41586.006963602296,drama,1
Atonement,2007,123,"drama, mystery, romance",7.8,85.0,Joe Wright,Keira Knightley,251370,50927067.0,2000,new,high,medium,4935.882131205396,drama,3
Drive,2011,100,"crime, drama",7.8,78.0,Nicolas Winding Refn,Ryan Gosling,571571,35061555.0,2010,new,high,low,16301.929563591804,crime,2
American Gangster,2007,157,"biography, crime, drama",7.8,76.0,Ridley Scott,Denzel Washington,392449,130164645.0,2000,new,high,medium,3015.019938785989,biography,3
Avatar,2009,162,"action, adventure, fantasy",7.8,83.0,James Cameron,Sam Worthington,1118998,760507625.0,2000,new,high,high,1471.3830121032647,action,3
Mr. Nobody,2009,141,"drama, fantasy, romance",7.8,63.0,Jaco Van Dormael,Jared Leto,216421,3600.0,2000,new,high,low,60116944.44444445,drama,3
Apocalypto,2006,139,"action, adventure, drama",7.8,68.0,Mel Gibson,Gerardo Taracena,291018,50866635.0,2000,new,high,medium,5721.196222238801,action,3
Little Miss Sunshine,2006,101,"comedy, drama",7.8,80.0,Jonathan Dayton,Valerie Faris,439856,59891098.0,2000,new,high,medium,7344.263416242594,comedy,2
Hot Fuzz,2007,121,"action, comedy, mystery",7.8,81.0,Edgar Wright,Simon Pegg,463466,23637265.0,2000,new,high,low,19607.42920130565,action,3
The Curious Case of Benjamin Button,2008,166,"drama, fantasy, romance",7.8,70.0,David Fincher,Brad Pitt,589160,127509326.0,2000,new,high,medium,4620.524776360279,drama,3
Veer-Zaara,2004,192,"drama, family, musical",7.8,67.0,Yash Chopra,Shah Rukh Khan,49050,2921738.0,2000,new,high,low,16787.952923910358,drama,3
Adams æbler,2005,94,"comedy, crime, drama",7.8,51.0,Anders Thomas Jensen,Ulrich Thomsen,45717,1305.0,2000,new,high,low,35032183.90804598,comedy,3
Pride & Prejudice,2005,129,"drama, romance",7.8,82.0,Joe Wright,Keira Knightley,258924,38405088.0,2000,new,high,low,6741.919195706569,drama,2
The World's Fastest Indian,2005,127,"biography, drama, sport",7.8,68.0,Roger Donaldson,Anthony Hopkins,51980,5128124.0,2000,new,high,low,10136.260355638828,biography,3
Tôkyô goddofâzâzu,2003,90,"animation, adventure, comedy",7.8,73.0,Satoshi Kon,Shôgo Furuya,31658,128985.0,2000,new,high,low,245439.392177385,animation,3
Serenity,2005,119,"action, adventure, sci-fi",7.8,74.0,Joss Whedon,Nathan Fillion,283310,25514517.0,2000,new,high,low,11103.874707877088,action,3
Walk the Line,2005,136,"biography, drama, music",7.8,72.0,James Mangold,Joaquin Phoenix,234207,119519402.0,2000,new,high,medium,1959.5730574354782,biography,3
Ondskan,2003,113,drama,7.8,61.0,Mikael Håfström,Andreas Wilson,35682,15280.0,2000,new,high,low,2335209.42408377,drama,1
The Notebook,2004,123,"drama, romance",7.8,53.0,Nick Cassavetes,Gena Rowlands,520284,81001787.0,2000,new,high,medium,6423.1175541843295,drama,2
Diarios de motocicleta,2004,126,"adventure, biography, drama",7.8,75.0,Walter Salles,Gael García Bernal,96703,16756372.0,2000,new,high,low,5771.117996186765,adventure,3
Lilja 4-ever,2002,109,"crime, drama",7.8,82.0,Lukas Moodysson,Oksana Akinshina,42673,181655.0,2000,new,high,low,234912.33381960308,crime,2
Les triplettes de Belleville,2003,80,"animation, comedy, drama",7.8,91.0,Sylvain Chomet,Michèle Caucheteux,50622,7002255.0,2000,new,high,low,7229.385390849091,animation,3
Gongdong gyeongbi guyeok JSA,2000,110,"action, drama, thriller",7.8,58.0,Chan-wook Park,Lee Yeong-ae,26518,23457439.5,2000,middle,high,low,1130.4729145736474,action,3
The Count of Monte Cristo,2002,131,"action, adventure, drama",7.8,61.0,Kevin Reynolds,Jim Caviezel,129022,54234062.0,2000,new,high,medium,2378.9846314664755,action,3
Waking Life,2001,99,"animation, drama, fantasy",7.8,83.0,Richard Linklater,Ethan Hawke,60684,2892011.0,2000,new,high,low,20983.32267754168,animation,3
Remember the Titans,2000,113,"biography, drama, sport",7.8,48.0,Boaz Yakin,Denzel Washington,198089,115654751.0,2000,middle,high,medium,1712.7614584549146,biography,3
Wo hu cang long,2000,120,"action, adventure, fantasy",7.8,94.0,Ang Lee,Yun-Fat Chow,253228,128078872.0,2000,middle,high,medium,1977.125469999455,action,3
Todo sobre mi madre,1999,101,drama,7.8,87.0,Pedro Almodóvar,Cecilia Roth,89058,8264530.0,1990,middle,high,low,10775.930391685915,drama,1
Cast Away,2000,143,"adventure, drama, romance",7.8,73.0,Robert Zemeckis,Tom Hanks,524235,233632142.0,2000,middle,high,high,2243.847937669467,adventure,3
The Boondock Saints,1999,108,"action, crime, thriller",7.8,44.0,Troy Duffy,Willem Dafoe,227143,25812.0,1990,middle,high,low,8799899.271656593,action,3
The Insider,1999,157,"biography, drama, thriller",7.8,84.0,Michael Mann,Russell Crowe,159886,28965197.0,1990,middle,high,low,5519.93483766052,biography,3
October Sky,1999,108,"biography, drama, family",7.8,71.0,Joe Johnston,Jake Gyllenhaal,82855,32481825.0,1990,middle,high,low,2550.8111074423928,biography,3
Shrek,2001,90,"animation, adventure, comedy",7.8,84.0,Andrew Adamson,Vicky Jenson,613941,267665011.0,2000,new,high,high,2293.6916472807125,animation,3
Titanic,1997,194,"drama, romance",7.8,75.0,James Cameron,Leonardo DiCaprio,1046089,659325379.0,1990,middle,high,high,1586.6050865304246,drama,2
Hana-bi,1997,103,"crime, drama, romance",7.8,79.0,Takeshi Kitano,Takeshi Kitano,27712,233986.0,1990,middle,high,low,118434.43624832256,crime,3
Gattaca,1997,106,"drama, sci-fi, thriller",7.8,64.0,Andrew Niccol,Ethan Hawke,280845,12339633.0,1990,middle,high,low,22759.59098621491,drama,3
The Game,1997,129,"action, drama, mystery",7.8,61.0,David Fincher,Michael Douglas,345096,48323648.0,1990,middle,high,low,7141.348269071077,action,3
Breaking the Waves,1996,159,drama,7.8,76.0,Lars von Trier,Emily Watson,62428,4040691.0,1990,middle,high,low,15449.832714256052,drama,1
Ed Wood,1994,127,"biography, comedy, drama",7.8,70.0,Tim Burton,Johnny Depp,164937,5887457.0,1990,middle,high,low,28014.981680545607,biography,3
What's Eating Gilbert Grape,1993,118,drama,7.8,73.0,Lasse Hallström,Johnny Depp,215034,9170214.0,1990,middle,high,low,23449.180139089447,drama,1
Tombstone,1993,130,"action, biography, drama",7.8,50.0,George P. Cosmatos,Kevin Jarre,126871,56505065.0,1990,middle,high,medium,2245.303142293527,action,3
The Sandlot,1993,101,"comedy, drama, family",7.8,55.0,David Mickey Evans,Tom Guiry,78963,32416586.0,1990,middle,high,low,2435.882668211884,comedy,3
The Remains of the Day,1993,134,"drama, romance",7.8,84.0,James Ivory,Anthony Hopkins,66065,22954968.0,1990,middle,high,low,2878.026229441923,drama,2
Naked,1993,132,"comedy, drama",7.8,84.0,Mike Leigh,David Thewlis,34635,1769305.0,1990,middle,high,low,19575.483028646842,comedy,2
The Fugitive,1993,130,"action, crime, drama",7.8,87.0,Andrew Davis,Harrison Ford,267684,183875760.0,1990,middle,high,medium,1455.787320743093,action,3
A Bronx Tale,1993,121,"crime, drama, romance",7.8,80.0,Robert De Niro,Robert De Niro,128171,17266971.0,1990,middle,high,low,7422.900055834923,crime,3
Batman: Mask of the Phantasm,1993,76,"animation, action, crime",7.8,79.0,Kevin Altieri,Boyd Kirkland,43690,5617391.0,1990,middle,high,low,7777.6320003361,animation,3
Lat sau san taam,1992,128,"action, crime, thriller",7.8,79.0,John Woo,Yun-Fat Chow,46700,23457439.5,1990,middle,high,low,1990.839622542776,action,3
Night on Earth,1991,129,"comedy, drama",7.8,68.0,Jim Jarmusch,Winona Ryder,55362,2015810.0,1990,middle,high,low,27463.89788720167,comedy,2
La double vie de Véronique,1991,98,"drama, fantasy, music",7.8,86.0,Krzysztof Kieslowski,Irène Jacob,42376,1999955.0,1990,middle,high,low,21188.476740726666,drama,3
Boyz n the Hood,1991,112,"crime, drama",7.8,76.0,John Singleton,Cuba Gooding Jr.,126082,57504069.0,1990,middle,high,medium,2192.575276716505,crime,2
Misery,1990,107,"drama, thriller",7.8,75.0,Rob Reiner,James Caan,184740,61276872.0,1990,middle,high,medium,3014.840574760409,drama,2
Awakenings,1990,121,"biography, drama",7.8,74.0,Penny Marshall,Robert De Niro,125276,52096475.0,1990,middle,high,medium,2404.6924480015205,biography,2
Majo no takkyûbin,1989,103,"animation, adventure, drama",7.8,83.0,Hayao Miyazaki,Kirsten Dunst,124193,23457439.5,1980,middle,high,low,5294.397114399464,animation,3
Glory,1989,122,"biography, drama, history",7.8,78.0,Edward Zwick,Matthew Broderick,122779,26830000.0,1980,middle,high,low,4576.183376816996,biography,3
Dip huet seung hung,1989,111,"action, crime, drama",7.8,82.0,John Woo,Yun-Fat Chow,45624,23457439.5,1980,middle,high,low,1944.9693134666297,action,3
Back to the Future Part II,1989,108,"adventure, comedy, sci-fi",7.8,57.0,Robert Zemeckis,Michael J. Fox,481918,118500000.0,1980,middle,high,medium,4066.818565400844,adventure,3
Mississippi Burning,1988,128,"crime, drama, history",7.8,65.0,Alan Parker,Gene Hackman,88214,34603943.0,1980,middle,high,low,2549.247061238079,crime,3
Predator,1987,107,"action, adventure, sci-fi",7.8,45.0,John McTiernan,Arnold Schwarzenegger,371387,59735548.0,1980,middle,high,medium,6217.185786928748,action,3
Evil Dead II,1987,84,"action, comedy, fantasy",7.8,72.0,Sam Raimi,Bruce Campbell,148359,5923044.0,1980,middle,high,low,25047.762603147978,action,3
Ferris Bueller's Day Off,1986,103,comedy,7.8,61.0,John Hughes,Matthew Broderick,321382,70136369.0,1980,middle,high,medium,4582.244626892504,comedy,1
Down by Law,1986,107,"comedy, crime, drama",7.8,75.0,Jim Jarmusch,Tom Waits,47834,1436000.0,1980,middle,high,low,33310.584958217274,comedy,3
The Goonies,1985,114,"adventure, comedy, family",7.8,62.0,Richard Donner,Sean Astin,244430,61503218.0,1980,middle,high,medium,3974.2635905652937,adventure,3
The Color Purple,1985,154,drama,7.8,78.0,Steven Spielberg,Danny Glover,78321,98467863.0,1980,middle,high,medium,795.3965650701692,drama,1
The Breakfast Club,1985,97,"comedy, drama",7.8,66.0,John Hughes,Emilio Estevez,357026,45875171.0,1980,middle,high,low,7782.55409663759,comedy,2
The Killing Fields,1984,141,"biography, drama, history",7.8,76.0,Roland Joffé,Sam Waterston,51585,34700291.0,1980,middle,high,low,1486.5869568644252,biography,3
Ghostbusters,1984,105,"action, comedy, fantasy",7.8,71.0,Ivan Reitman,Bill Murray,355413,238632124.0,1980,middle,high,high,1489.376174684679,action,3
The Right Stuff,1983,193,"adventure, biography, drama",7.8,91.0,Philip Kaufman,Sam Shepard,56235,21500000.0,1980,middle,high,low,2615.5813953488373,adventure,3
The King of Comedy,1982,109,"comedy, crime, drama",7.8,73.0,Martin Scorsese,Robert De Niro,88511,2500000.0,1980,middle,high,low,35404.4,comedy,3
E.T. the Extra-Terrestrial,1982,115,"family, sci-fi",7.8,91.0,Steven Spielberg,Henry Thomas,372490,435110554.0,1980,middle,high,high,856.0812799774101,family,2
Kramer vs. Kramer,1979,105,drama,7.8,77.0,Robert Benton,Dustin Hoffman,133351,106260000.0,1970,old,high,medium,1254.9501223414265,drama,1
Days of Heaven,1978,94,"drama, romance",7.8,93.0,Terrence Malick,Richard Gere,52852,23457439.5,1970,old,high,low,2253.1018357736784,drama,2
The Outlaw Josey Wales,1976,135,western,7.8,69.0,Clint Eastwood,Clint Eastwood,65659,31800000.0,1970,old,high,low,2064.748427672956,western,1
The Man Who Would Be King,1975,129,"adventure, history, war",7.8,91.0,John Huston,Sean Connery,44917,23457439.5,1970,old,high,low,1914.8296215364853,adventure,3
The Conversation,1974,113,"drama, mystery, thriller",7.8,85.0,Francis Ford Coppola,Gene Hackman,98611,4420000.0,1970,old,high,low,22310.180995475115,drama,3
La planète sauvage,1973,72,"animation, sci-fi",7.8,73.0,René Laloux,Barry Bostwick,25229,193817.0,1970,old,high,low,130169.18020607068,animation,2
The Day of the Jackal,1973,143,"crime, drama, thriller",7.8,80.0,Fred Zinnemann,Edward Fox,37445,16056255.0,1970,old,high,low,2332.112936671721,crime,3
Badlands,1973,94,"action, crime, drama",7.8,93.0,Terrence Malick,Martin Sheen,66009,23457439.5,1970,old,high,low,2813.9899923859975,action,3
Cabaret,1972,124,"drama, music, musical",7.8,80.0,Bob Fosse,Liza Minnelli,48334,42765000.0,1970,old,high,low,1130.2233134572664,drama,3
Willy Wonka & the Chocolate Factory,1971,100,"family, fantasy, musical",7.8,67.0,Mel Stuart,Gene Wilder,178731,4000000.0,1970,old,high,low,44682.75,family,3
Midnight Cowboy,1969,113,drama,7.8,79.0,John Schlesinger,Dustin Hoffman,101124,44785053.0,1960,old,high,low,2257.9854935082917,drama,1
Wait Until Dark,1967,108,thriller,7.8,81.0,Terence Young,Audrey Hepburn,27733,17550741.0,1960,old,high,low,1580.1612023104894,thriller,1
Guess Who's Coming to Dinner,1967,108,"comedy, drama",7.8,63.0,Stanley Kramer,Spencer Tracy,39642,56700000.0,1960,old,high,medium,699.1534391534391,comedy,2
Bonnie and Clyde,1967,111,"action, biography, crime",7.8,86.0,Arthur Penn,Warren Beatty,102415,23457439.5,1960,old,high,low,4365.99228999397,action,3
My Fair Lady,1964,170,"drama, family, musical",7.8,95.0,George Cukor,Audrey Hepburn,86525,72000000.0,1960,old,high,medium,1201.736111111111,drama,3
Mary Poppins,1964,139,"comedy, family, fantasy",7.8,88.0,Robert Stevenson,Julie Andrews,158029,102272727.0,1960,old,high,medium,1545.1724485649042,comedy,3
The Longest Day,1962,178,"action, drama, history",7.8,75.0,Ken Annakin,Andrew Marton,52141,39100000.0,1960,old,high,low,1333.5294117647059,action,3
Jules et Jim,1962,105,"drama, romance",7.8,97.0,François Truffaut,Jeanne Moreau,37605,23457439.5,1960,old,high,low,1603.1161457327855,drama,2
The Innocents,1961,100,horror,7.8,88.0,Jack Clayton,Deborah Kerr,27007,2616000.0,1960,old,high,low,10323.776758409786,horror,1
À bout de souffle,1960,90,"crime, drama",7.8,79.0,Jean-Luc Godard,Jean-Paul Belmondo,73251,336705.0,1960,old,high,low,217552.45689847198,crime,2
Red River,1948,133,"action, adventure, drama",7.8,79.0,Howard Hawks,Arthur Rosson,28167,23457439.5,1940,old,high,low,1200.7704421448045,action,3
Key Largo,1948,100,"action, crime, drama",7.8,79.0,John Huston,Humphrey Bogart,36995,23457439.5,1940,old,high,low,1577.1116024832975,action,3
To Have and Have Not,1944,100,"adventure, comedy, film-noir",7.8,79.0,Howard Hawks,Humphrey Bogart,31053,23457439.5,1940,old,high,low,1323.8017729940218,adventure,3
Shadow of a Doubt,1943,108,"film-noir, thriller",7.8,94.0,Alfred Hitchcock,Teresa Wright,59556,23457439.5,1940,old,high,low,2538.8960291254293,film-noir,2
Stagecoach,1939,96,"adventure, drama, western",7.8,93.0,John Ford,John Wayne,43621,23457439.5,1930,old,high,low,1859.5806247310156,adventure,3
The Lady Vanishes,1938,96,"mystery, thriller",7.8,98.0,Alfred Hitchcock,Margaret Lockwood,47400,23457439.5,1930,old,high,low,2020.6809016815328,mystery,2
Bringing Up Baby,1938,102,"comedy, family, romance",7.8,91.0,Howard Hawks,Katharine Hepburn,55163,23457439.5,1930,old,high,low,2351.620687330346,comedy,3
Bride of Frankenstein,1935,75,"drama, horror, sci-fi",7.8,95.0,James Whale,Boris Karloff,43542,4360000.0,1930,old,high,low,9986.697247706421,drama,3
Duck Soup,1933,69,"comedy, musical, war",7.8,93.0,Leo McCarey,Groucho Marx,55581,23457439.5,1930,old,high,low,2369.4401940160606,comedy,3
Scarface: The Shame of the Nation,1932,93,"action, crime, drama",7.8,87.0,Howard Hawks,Richard Rosson,25312,23457439.5,1930,old,high,low,1079.0606536574462,action,3
Frankenstein,1931,70,"drama, horror, sci-fi",7.8,91.0,James Whale,Colin Clive,65341,23457439.5,1930,old,high,low,2785.51288600787,drama,3
Roma,2018,135,drama,7.7,96.0,Alfonso Cuarón,Yalitza Aparicio,140375,23457439.5,2010,new,high,low,5984.242227289982,drama,1
God's Own Country,2017,104,"drama, romance",7.7,85.0,Francis Lee,Josh O'Connor,25198,335609.0,2010,new,high,low,75081.41915145304,drama,2
Deadpool 2,2018,119,"action, adventure, comedy",7.7,66.0,David Leitch,Ryan Reynolds,478586,324591735.0,2010,new,high,high,1474.4244797237366,action,3
Wind River,2017,107,"crime, drama, mystery",7.7,73.0,Taylor Sheridan,Kelsey Asbille,205444,33800859.0,2010,new,high,low,6078.070382767491,crime,3
Get Out,2017,104,"horror, mystery, thriller",7.7,85.0,Jordan Peele,Daniel Kaluuya,492851,176040665.0,2010,new,high,medium,2799.642912051031,horror,3
Mission: Impossible - Fallout,2018,147,"action, adventure, thriller",7.7,86.0,Christopher McQuarrie,Tom Cruise,291257,220159104.0,2010,new,high,high,1322.9387052738005,action,3
En man som heter Ove,2015,116,"comedy, drama, romance",7.7,70.0,Hannes Holm,Rolf Lassgård,47444,3358518.0,2010,new,high,low,14126.468877046364,comedy,3
What We Do in the Shadows,2014,86,"comedy, horror",7.7,76.0,Jemaine Clement,Taika Waititi,157498,3333000.0,2010,new,high,low,47254.12541254125,comedy,2
Omoide no Mânî,2014,103,"animation, drama, family",7.7,72.0,James Simone,Hiromasa Yonebayashi,32798,765127.0,2010,new,high,low,42866.08628371499,animation,3
The Theory of Everything,2014,123,"biography, drama, romance",7.7,72.0,James Marsh,Eddie Redmayne,404182,35893537.0,2010,new,high,low,11260.57874987355,biography,3
Kingsman: The Secret Service,2014,129,"action, adventure, comedy",7.7,60.0,Matthew Vaughn,Colin Firth,590440,128261724.0,2010,new,high,medium,4603.399842029256,action,3
The Fault in Our Stars,2014,126,"drama, romance",7.7,69.0,Josh Boone,Shailene Woodley,344312,124872350.0,2010,new,high,medium,2757.311766776232,drama,2
Me and Earl and the Dying Girl,2015,105,"comedy, drama",7.7,74.0,Alfonso Gomez-Rejon,Thomas Mann,123210,6743776.0,2010,new,high,low,18270.17979244862,comedy,2
Birdman or (The Unexpected Virtue of Ignorance),2014,119,"comedy, drama",7.7,87.0,Alejandro G. Iñárritu,Michael Keaton,580291,42340598.0,2010,new,high,low,13705.309499879997,comedy,2
La vie d'Adèle,2013,180,"drama, romance",7.7,89.0,Abdellatif Kechiche,Léa Seydoux,138741,2199675.0,2010,new,high,low,63073.40857172082,drama,2
Kai po che!,2013,130,"drama, sport",7.7,40.0,Abhishek Kapoor,Amit Sadh,32628,1122527.0,2010,new,high,low,29066.561427921108,drama,2
The Broken Circle Breakdown,2012,111,"drama, music, romance",7.7,70.0,Felix van Groeningen,Veerle Baetens,39379,175058.0,2010,new,high,low,224948.3028481989,drama,3
Captain America: The Winter Soldier,2014,136,"action, adventure, sci-fi",7.7,70.0,Anthony Russo,Joe Russo,736182,259766572.0,2010,new,high,high,2834.013608186661,action,3
Rockstar,2011,159,"drama, music, musical",7.7,79.0,Imtiaz Ali,Ranbir Kapoor,39501,985912.0,2010,new,high,low,40065.44194613718,drama,3
Nebraska,2013,115,"adventure, comedy, drama",7.7,87.0,Alexander Payne,Bruce Dern,112298,17654912.0,2010,new,high,low,6360.722726910222,adventure,3
Wreck-It Ralph,2012,101,"animation, adventure, comedy",7.7,72.0,Rich Moore,John C. Reilly,380195,189422889.0,2010,new,high,medium,2007.1228034115773,animation,3
Le Petit Prince,2015,108,"animation, adventure, drama",7.7,70.0,Mark Osborne,Jeff Bridges,56720,1339152.0,2010,new,high,low,42355.16207271467,animation,3
Detachment,2011,98,drama,7.7,52.0,Tony Kaye,Adrien Brody,77071,71177.0,2010,new,high,low,1082807.6485381513,drama,1
Midnight in Paris,2011,96,"comedy, fantasy, romance",7.7,81.0,Woody Allen,Owen Wilson,388089,56816662.0,2010,new,high,medium,6830.549108992007,comedy,3
The Lego Movie,2014,100,"animation, action, adventure",7.7,83.0,Christopher Miller,Phil Lord,323982,257760692.0,2010,new,high,high,1256.9100334351988,animation,3
Gravity,2013,91,"drama, sci-fi, thriller",7.7,96.0,Alfonso Cuarón,Sandra Bullock,769145,274092705.0,2010,new,high,high,2806.1491092949736,drama,3
Star Trek Into Darkness,2013,132,"action, adventure, sci-fi",7.7,72.0,J.J. Abrams,Chris Pine,463188,228778661.0,2010,new,high,high,2024.611902068961,action,3
Beasts of No Nation,2015,137,"drama, war",7.7,79.0,Cary Joji Fukunaga,Abraham Attah,73964,83861.0,2010,new,high,low,881983.281859267,drama,2
The Social Network,2010,120,"biography, drama",7.7,95.0,David Fincher,Jesse Eisenberg,624982,96962694.0,2010,new,high,medium,6445.592363595013,biography,2
X: First Class,2011,131,"action, adventure, sci-fi",7.7,65.0,Matthew Vaughn,James McAvoy,645512,146408305.0,2010,new,high,medium,4408.984859158092,action,3
The Hangover,2009,100,comedy,7.7,73.0,Todd Phillips,Zach Galifianakis,717559,277322503.0,2000,new,high,high,2587.4532078631933,comedy,1
Skyfall,2012,143,"action, adventure, thriller",7.7,81.0,Sam Mendes,Daniel Craig,630614,304360277.0,2010,new,high,high,2071.932665510092,action,3
Silver Linings Playbook,2012,122,"comedy, drama, romance",7.7,81.0,David O. Russell,Bradley Cooper,661871,132092958.0,2010,new,high,medium,5010.64560913232,comedy,3
Argo,2012,120,"biography, drama, thriller",7.7,86.0,Ben Affleck,Ben Affleck,572581,136025503.0,2010,new,high,medium,4209.36506296176,biography,3
(500) Days of Summer,2009,95,"comedy, drama, romance",7.7,76.0,Marc Webb,Zooey Deschanel,472242,32391374.0,2000,new,high,low,14579.25187119262,comedy,3
Harry Potter and the Deathly Hallows: Part 1,2010,146,"adventure, family, fantasy",7.7,65.0,David Yates,Daniel Radcliffe,479120,295983305.0,2010,new,high,high,1618.7399488629942,adventure,3
Gake no ue no Ponyo,2008,101,"animation, adventure, comedy",7.7,86.0,Hayao Miyazaki,Cate Blanchett,125317,15090400.0,2000,new,high,low,8304.418703281555,animation,3
Frost/Nixon,2008,122,"biography, drama, history",7.7,80.0,Ron Howard,Frank Langella,103330,18593156.0,2000,new,high,low,5557.421236072026,biography,3
Papurika,2006,90,"animation, drama, fantasy",7.7,81.0,Satoshi Kon,Megumi Hayashibara,71379,881302.0,2000,new,high,low,80992.66766670221,animation,3
Changeling,2008,141,"biography, crime, drama",7.7,63.0,Clint Eastwood,Angelina Jolie,239203,35739802.0,2000,new,high,low,6692.90221585447,biography,3
Flipped,2010,90,"comedy, drama, romance",7.7,45.0,Rob Reiner,Madeline Carroll,81446,1752214.0,2010,new,high,low,46481.76535514498,comedy,3
Toki o kakeru shôjo,2006,98,"animation, adventure, comedy",7.7,79.0,Mamoru Hosoda,Riisa Naka,60368,23457439.5,2000,new,high,low,2573.5119129263876,animation,3
Death Note: Desu nôto,2006,126,"crime, drama, fantasy",7.7,79.0,Shûsuke Kaneko,Tatsuya Fujiwara,28630,23457439.5,2000,new,high,low,1220.5083167751536,crime,3
This Is England,2006,101,"crime, drama",7.7,86.0,Shane Meadows,Thomas Turgoose,115576,327919.0,2000,new,high,low,352452.8923301181,crime,2
Ex Machina,2014,108,"drama, sci-fi, thriller",7.7,78.0,Alex Garland,Alicia Vikander,474141,25442958.0,2010,new,high,low,18635.451113820964,drama,3
Efter brylluppet,2006,120,drama,7.7,78.0,Susanne Bier,Mads Mikkelsen,32001,412544.0,2000,new,high,low,77569.90769469438,drama,1
The Last King of Scotland,2006,123,"biography, drama, history",7.7,74.0,Kevin Macdonald,James McAvoy,175355,17605861.0,2000,new,high,low,9960.035467734295,biography,3
Zodiac,2007,157,"crime, drama, mystery",7.7,78.0,David Fincher,Jake Gyllenhaal,466080,33080084.0,2000,new,high,low,14089.444271060496,crime,3
Lucky Number Slevin,2006,110,"action, crime, drama",7.7,53.0,Paul McGuigan,Josh Hartnett,299524,22494487.0,2000,new,high,low,13315.440356563811,action,3
Joyeux Noël,2005,116,"drama, history, music",7.7,70.0,Christian Carion,Diane Kruger,28003,1054361.0,2000,new,high,low,26559.21453847401,drama,3
Control,2007,122,"biography, drama, music",7.7,78.0,Anton Corbijn,Sam Riley,61609,871577.0,2000,new,high,low,70686.81252488305,biography,3
Tangled,2010,100,"animation, adventure, comedy",7.7,71.0,Nathan Greno,Byron Howard,405922,200821936.0,2010,new,high,high,2021.3030911125168,animation,3
Zwartboek,2006,145,"drama, thriller, war",7.7,71.0,Paul Verhoeven,Carice van Houten,72643,4398392.0,2000,new,high,low,16515.808504562574,drama,3
Brokeback Mountain,2005,134,"drama, romance",7.7,87.0,Ang Lee,Jake Gyllenhaal,323103,83043761.0,2000,new,high,medium,3890.755863044305,drama,2
3:10 to Yuma,2007,122,"action, crime, drama",7.7,76.0,James Mangold,Russell Crowe,288797,53606916.0,2000,new,high,medium,5387.308607717706,action,3
Crash,2004,112,"crime, drama, thriller",7.7,66.0,Paul Haggis,Don Cheadle,419483,54580300.0,2000,new,high,medium,7685.611841635168,crime,3
Kung fu,2004,99,"action, comedy, fantasy",7.7,78.0,Stephen Chow,Stephen Chow,127250,17108591.0,2000,new,high,low,7437.783742682258,action,3
The Bourne Supremacy,2004,108,"action, mystery, thriller",7.7,73.0,Paul Greengrass,Matt Damon,434841,176241941.0,2000,new,high,medium,2467.2957953861846,action,3
The Machinist,2004,101,"drama, thriller",7.7,61.0,Brad Anderson,Christian Bale,358432,1082715.0,2000,new,high,low,331049.2604240266,drama,2
Ray,2004,152,"biography, drama, music",7.7,73.0,Taylor Hackford,Jamie Foxx,138356,75331600.0,2000,new,high,medium,1836.626329455368,biography,3
Lost in Translation,2003,102,"comedy, drama",7.7,89.0,Sofia Coppola,Bill Murray,415074,44585453.0,2000,new,high,low,9309.62841176022,comedy,2
Harry Potter and the Goblet of Fire,2005,157,"adventure, family, fantasy",7.7,81.0,Mike Newell,Daniel Radcliffe,548619,290013036.0,2000,new,high,high,1891.7046197881946,adventure,3
Man on Fire,2004,146,"action, crime, drama",7.7,47.0,Tony Scott,Denzel Washington,329592,77911774.0,2000,new,high,medium,4230.323391173201,action,3
Coraline,2009,100,"animation, drama, family",7.7,80.0,Henry Selick,Dakota Fanning,197761,75286229.0,2000,new,high,medium,2626.7884927534355,animation,3
The Last Samurai,2003,154,"action, drama",7.7,55.0,Edward Zwick,Tom Cruise,400049,111110575.0,2000,new,high,medium,3600.458372211646,action,2
The Magdalene Sisters,2002,114,drama,7.7,83.0,Peter Mullan,Eileen Walsh,25938,4890878.0,2000,new,high,low,5303.342262882043,drama,1
Good Bye Lenin!,2003,121,"comedy, drama, romance",7.7,68.0,Wolfgang Becker,Daniel Brühl,137981,4064200.0,2000,new,high,low,33950.34693174549,comedy,3
In America,2002,105,drama,7.7,76.0,Jim Sheridan,Paddy Considine,40403,15539266.0,2000,new,high,low,2600.0584583596165,drama,1
I Am Sam,2001,132,drama,7.7,28.0,Jessie Nelson,Sean Penn,142863,40311852.0,2000,new,high,low,3543.9453389539135,drama,1
Adaptation.,2002,115,"comedy, drama",7.7,83.0,Spike Jonze,Nicolas Cage,178565,22245861.0,2000,new,high,low,8026.886439684217,comedy,2
Black Hawk Down,2001,144,"drama, history, war",7.7,74.0,Ridley Scott,Josh Hartnett,364254,108638745.0,2000,new,high,medium,3352.8921932962317,drama,3
Road to Perdition,2002,117,"crime, drama, thriller",7.7,72.0,Sam Mendes,Tom Hanks,246840,104454762.0,2000,new,high,medium,2363.128260251074,crime,3
Das Experiment,2001,120,"drama, thriller",7.7,60.0,Oliver Hirschbiegel,Moritz Bleibtreu,90842,141072.0,2000,new,high,low,643940.6827719179,drama,2
Billy Elliot,2000,110,"drama, music",7.7,74.0,Stephen Daldry,Jamie Bell,126770,21995263.0,2000,middle,high,low,5763.513716567062,drama,2
Hedwig and the Angry Inch,2001,95,"comedy, drama, music",7.7,85.0,John Cameron Mitchell,John Cameron Mitchell,31957,3029081.0,2000,new,high,low,10550.064524520803,comedy,3
Ocean's Eleven,2001,116,"crime, thriller",7.7,74.0,Steven Soderbergh,George Clooney,516372,183417150.0,2000,new,high,medium,2815.287447220721,crime,2
Vampire Hunter D: Bloodlust,2000,103,"animation, action, fantasy",7.7,62.0,Yoshiaki Kawajiri,Andrew Philpot,29210,151086.0,2000,middle,high,low,193333.59808321088,animation,3
"O Brother, Where Art Thou?",2000,107,"adventure, comedy, crime",7.7,69.0,Joel Coen,Ethan Coen,286742,45512588.0,2000,middle,high,low,6300.27894700253,adventure,3
Interstate 60: Episodes of the Road,2002,116,"adventure, comedy, drama",7.7,79.0,Bob Gale,James Marsden,29999,23457439.5,2000,new,high,low,1278.869332690808,adventure,3
"South Park: Bigger, Longer & Uncut",1999,81,"animation, comedy, fantasy",7.7,73.0,Trey Parker,Trey Parker,192112,52037603.0,1990,middle,high,medium,3691.791875963234,animation,3
Office Space,1999,89,comedy,7.7,68.0,Mike Judge,Ron Livingston,241575,10824921.0,1990,middle,high,low,22316.560093140633,comedy,1
Happiness,1998,134,"comedy, drama",7.7,81.0,Todd Solondz,Jane Adams,66408,2807390.0,1990,middle,high,low,23654.711315492328,comedy,2
Training Day,2001,122,"crime, drama, thriller",7.7,69.0,Antoine Fuqua,Denzel Washington,390247,76631907.0,2000,new,high,medium,5092.487128109705,crime,3
Rushmore,1998,93,"comedy, drama, romance",7.7,86.0,Wes Anderson,Jason Schwartzman,169229,17105219.0,1990,middle,high,low,9893.413232534467,comedy,3
Abre los ojos,1997,119,"drama, mystery, sci-fi",7.7,79.0,Alejandro Amenábar,Eduardo Noriega,64082,368234.0,1990,middle,high,low,174025.21222918035,drama,3
Being John Malkovich,1999,113,"comedy, drama, fantasy",7.7,90.0,Spike Jonze,John Cusack,312542,22858926.0,1990,middle,high,low,13672.645862714635,comedy,3
As Good as It Gets,1997,139,"comedy, drama, romance",7.7,67.0,James L. Brooks,Jack Nicholson,275755,148478011.0,1990,middle,high,medium,1857.211031739912,comedy,3
The Fifth Element,1997,126,"action, adventure, sci-fi",7.7,52.0,Luc Besson,Bruce Willis,434125,63540020.0,1990,middle,high,medium,6832.3082051280435,action,3
Le dîner de cons,1998,80,comedy,7.7,73.0,Francis Veber,Thierry Lhermitte,37424,4065116.0,1990,middle,high,low,9206.13335511213,comedy,1
Donnie Brasco,1997,127,"biography, crime, drama",7.7,76.0,Mike Newell,Al Pacino,279318,41909762.0,1990,middle,high,low,6664.747941064423,biography,3
Shine,1996,105,"biography, drama, music",7.7,87.0,Scott Hicks,Geoffrey Rush,51350,35811509.0,1990,middle,high,low,1433.8965721885666,biography,3
Primal Fear,1996,129,"crime, drama, mystery",7.7,47.0,Gregory Hoblit,Richard Gere,189716,56116183.0,1990,middle,high,medium,3380.7716394395534,crime,3
Hamlet,1996,242,drama,7.7,79.0,Kenneth Branagh,Kenneth Branagh,35991,4414535.0,1990,middle,high,low,8152.840559651243,drama,1
A Little Princess,1995,97,"drama, family, fantasy",7.7,83.0,Alfonso Cuarón,Liesel Matthews,32236,10019307.0,1990,middle,high,low,3217.3881886242234,drama,3
Do lok tin si,1995,99,"comedy, crime, drama",7.7,71.0,Kar-Wai Wong,Leon Lai,26429,23457439.5,1990,middle,high,low,1126.6788090831483,comedy,3
Il postino,1994,108,"biography, comedy, drama",7.7,81.0,Michael Radford,Massimo Troisi,33600,21848932.0,1990,middle,high,low,1537.8326043579611,biography,3
Clerks,1994,92,comedy,7.7,70.0,Kevin Smith,Brian O'Halloran,211450,3151130.0,1990,middle,high,low,67102.91228860758,comedy,1
Short Cuts,1993,188,"comedy, drama",7.7,79.0,Robert Altman,Andie MacDowell,42275,6110979.0,1990,middle,high,low,6917.876824646263,comedy,2
Philadelphia,1993,125,drama,7.7,66.0,Jonathan Demme,Tom Hanks,224169,77324422.0,1990,middle,high,medium,2899.0711369300634,drama,1
The Muppet Christmas Carol,1992,85,"comedy, drama, family",7.7,64.0,Brian Henson,Michael Caine,50298,27281507.0,1990,middle,high,low,1843.6664807409647,comedy,3
Malcolm X,1992,202,"biography, drama, history",7.7,73.0,Spike Lee,Denzel Washington,85819,48169908.0,1990,middle,high,low,1781.5894520703673,biography,3
The Last of the Mohicans,1992,112,"action, adventure, drama",7.7,76.0,Michael Mann,Daniel Day-Lewis,150409,75505856.0,1990,middle,high,medium,1992.0176787347461,action,3
Kurenai no buta,1992,94,"animation, adventure, comedy",7.7,83.0,Hayao Miyazaki,Shûichirô Moriyama,77798,23457439.5,1990,middle,high,low,3316.559763481432,animation,3
Glengarry Glen Ross,1992,100,"crime, drama, mystery",7.7,82.0,James Foley,Al Pacino,95826,10725228.0,1990,middle,high,low,8934.635235726457,crime,3
A Few Good Men,1992,138,"drama, thriller",7.7,62.0,Rob Reiner,Tom Cruise,235388,141340178.0,1990,middle,high,medium,1665.4004779872287,drama,2
Fried Green Tomatoes,1991,130,drama,7.7,64.0,Jon Avnet,Kathy Bates,66941,82418501.0,1990,middle,high,medium,812.2084142248594,drama,1
Barton Fink,1991,116,"comedy, drama, thriller",7.7,69.0,Joel Coen,Ethan Coen,113240,6153939.0,1990,middle,high,low,18401.22237155747,comedy,3
Miller's Crossing,1990,115,"crime, drama, thriller",7.7,66.0,Joel Coen,Ethan Coen,125822,5080409.0,1990,middle,high,low,24766.116271347444,crime,3
Who Framed Roger Rabbit,1988,104,"animation, adventure, comedy",7.7,83.0,Robert Zemeckis,Bob Hoskins,182009,156452370.0,1980,middle,high,medium,1163.350865186638,animation,3
Spoorloos,1988,107,"mystery, thriller",7.7,79.0,George Sluizer,Bernard-Pierre Donnadieu,33982,23457439.5,1980,middle,high,low,1448.6662109903343,mystery,2
Withnail & I,1987,107,"comedy, drama",7.7,84.0,Bruce Robinson,Richard E. Grant,40396,1544889.0,1980,middle,high,low,26148.156922600912,comedy,2
The Last Emperor,1987,163,"biography, drama, history",7.7,76.0,Bernardo Bertolucci,John Lone,94326,43984230.0,1980,middle,high,low,2144.541350388537,biography,3
Empire of the Sun,1987,153,"action, drama, history",7.7,62.0,Steven Spielberg,Christian Bale,115677,22238696.0,1980,middle,high,low,5201.608943258184,action,3
Der Name der Rose,1986,130,"crime, drama, mystery",7.7,54.0,Jean-Jacques Annaud,Sean Connery,102031,7153487.0,1980,middle,high,low,14263.113919127833,crime,3
Blue Velvet,1986,120,"drama, mystery, thriller",7.7,76.0,David Lynch,Isabella Rossellini,181285,8551228.0,1980,middle,high,low,21199.879128471373,drama,3
The Purple Rose of Cairo,1985,82,"comedy, fantasy, romance",7.7,75.0,Woody Allen,Mia Farrow,47102,10631333.0,1980,middle,high,low,4430.488632046424,comedy,3
After Hours,1985,97,"comedy, crime, drama",7.7,90.0,Martin Scorsese,Griffin Dunne,59635,10600000.0,1980,middle,high,low,5625.943396226416,comedy,3
Zelig,1983,79,comedy,7.7,79.0,Woody Allen,Woody Allen,39881,11798616.0,1980,middle,high,low,3380.1422132901007,comedy,1
The Verdict,1982,129,drama,7.7,77.0,Sidney Lumet,Paul Newman,36096,54000000.0,1980,middle,high,medium,668.4444444444445,drama,1
Star Trek II: The Wrath of Khan,1982,113,"action, adventure, sci-fi",7.7,67.0,Nicholas Meyer,William Shatner,112704,78912963.0,1980,middle,high,medium,1428.2064152121623,action,3
First Blood,1982,93,"action, adventure",7.7,61.0,Ted Kotcheff,Sylvester Stallone,226541,47212904.0,1980,middle,high,low,4798.2856551251325,action,2
Ordinary People,1980,124,drama,7.7,86.0,Robert Redford,Donald Sutherland,47099,54800000.0,1980,old,high,medium,859.470802919708,drama,1
Airplane!,1980,88,comedy,7.7,78.0,Jim Abrahams,David Zucker,214882,83400000.0,1980,old,high,medium,2576.5227817745804,comedy,1
Rupan sansei: Kariosutoro no shiro,1979,100,"animation, adventure, family",7.7,71.0,Hayao Miyazaki,Yasuo Yamada,27014,23457439.5,1970,old,high,low,1151.617592363395,animation,3
Halloween,1978,91,"horror, thriller",7.7,87.0,John Carpenter,Donald Pleasence,233106,47000000.0,1970,old,high,low,4959.702127659574,horror,2
Le locataire,1976,126,"drama, thriller",7.7,71.0,Roman Polanski,Roman Polanski,39889,1924733.0,1970,old,high,low,20724.432947323083,drama,2
Love and Death,1975,85,"comedy, war",7.7,89.0,Woody Allen,Woody Allen,36037,23457439.5,1970,old,high,low,1536.2716804619704,comedy,2
The Taking of Pelham One Two Three,1974,104,"action, crime, thriller",7.7,68.0,Joseph Sargent,Walter Matthau,26729,23457439.5,1970,old,high,low,1139.467928714044,action,3
Blazing Saddles,1974,93,"comedy, western",7.7,73.0,Mel Brooks,Cleavon Little,125993,119500000.0,1970,old,high,medium,1054.3347280334729,comedy,2
Serpico,1973,130,"biography, crime, drama",7.7,87.0,Sidney Lumet,Al Pacino,109941,29800000.0,1970,old,high,low,3689.2953020134228,biography,3
Enter the Dragon,1973,102,"action, crime, drama",7.7,83.0,Robert Clouse,Bruce Lee,96561,25000000.0,1970,old,high,low,3862.44,action,3
Deliverance,1972,109,"adventure, drama, thriller",7.7,80.0,John Boorman,Jon Voight,98740,7056013.0,1970,old,high,low,13993.73839022122,adventure,3
The French Connection,1971,104,"action, crime, drama",7.7,94.0,William Friedkin,Gene Hackman,110075,15630710.0,1970,old,high,low,7042.2264887519505,action,3
Dirty Harry,1971,102,"action, crime, thriller",7.7,90.0,Don Siegel,Clint Eastwood,143292,35900000.0,1970,old,high,low,3991.4206128133706,action,3
Where Eagles Dare,1968,158,"action, adventure, war",7.7,63.0,Brian G. Hutton,Richard Burton,51913,23457439.5,1960,old,high,low,2213.0718913289747,action,3
The Odd Couple,1968,105,comedy,7.7,86.0,Gene Saks,Jack Lemmon,31572,44527234.0,1960,old,high,low,709.049207952149,comedy,1
The Dirty Dozen,1967,150,"action, adventure, war",7.7,73.0,Robert Aldrich,Lee Marvin,67183,45300000.0,1960,old,high,low,1483.0684326710818,action,3
Belle de jour,1967,100,"drama, romance",7.7,79.0,Luis Buñuel,Catherine Deneuve,40274,26331.0,1960,old,high,low,1529527.9328548098,drama,2
A Man for All Seasons,1966,120,"biography, drama, history",7.7,72.0,Fred Zinnemann,Paul Scofield,31222,28350000.0,1960,old,high,low,1101.305114638448,biography,3
Repulsion,1965,105,"drama, horror, thriller",7.7,91.0,Roman Polanski,Catherine Deneuve,48883,23457439.5,1960,old,high,low,2083.9017830569273,drama,3
Zulu,1964,138,"drama, history, war",7.7,77.0,Cy Endfield,Stanley Baker,35999,23457439.5,1960,old,high,low,1534.6517253087236,drama,3
Goldfinger,1964,110,"action, adventure, thriller",7.7,87.0,Guy Hamilton,Sean Connery,174119,51081062.0,1960,old,high,medium,3408.680109274157,action,3
The Birds,1963,119,"drama, horror, mystery",7.7,90.0,Alfred Hitchcock,Rod Taylor,171739,11403529.0,1960,old,high,low,15060.162516357874,drama,3
Cape Fear,1962,106,"drama, thriller",7.7,76.0,J. Lee Thompson,Gregory Peck,26457,23457439.5,1960,old,high,low,1127.8724602486984,drama,2
Peeping Tom,1960,101,"drama, horror, thriller",7.7,79.0,Michael Powell,Karlheinz Böhm,31354,83957.0,1960,old,high,low,373453.0771704563,drama,3
The Magnificent Seven,1960,128,"action, adventure, western",7.7,74.0,John Sturges,Yul Brynner,87719,4905000.0,1960,old,high,low,17883.588175331293,action,3
Les yeux sans visage,1960,90,"drama, horror",7.7,90.0,Georges Franju,Pierre Brasseur,27620,52709.0,1960,old,high,low,524009.1824925535,drama,2
Invasion of the Body Snatchers,1956,80,"drama, horror, sci-fi",7.7,92.0,Don Siegel,Kevin McCarthy,44839,23457439.5,1950,old,high,low,1911.5044504324524,drama,3
Rebel Without a Cause,1955,111,drama,7.7,89.0,Nicholas Ray,James Dean,83363,23457439.5,1950,old,high,low,3553.7979326345485,drama,1
The Ladykillers,1955,91,"comedy, crime",7.7,91.0,Alexander Mackendrick,Alec Guinness,26464,23457439.5,1950,old,high,low,1128.170873040086,comedy,2
Sabrina,1954,113,"comedy, drama, romance",7.7,72.0,Billy Wilder,Humphrey Bogart,59415,23457439.5,1950,old,high,low,2532.8851428989087,comedy,3
The Quiet Man,1952,129,"comedy, drama, romance",7.7,79.0,John Ford,John Wayne,34677,10550000.0,1950,old,high,low,3286.9194312796208,comedy,3
The Day the Earth Stood Still,1951,92,"drama, sci-fi",7.7,79.0,Robert Wise,Michael Rennie,76315,23457439.5,1950,old,high,low,3253.338882106037,drama,2
The African Queen,1951,105,"adventure, drama, romance",7.7,91.0,John Huston,Humphrey Bogart,71481,536118.0,1950,old,high,low,133330.72196792497,adventure,3
Gilda,1946,110,"drama, film-noir, romance",7.7,79.0,Charles Vidor,Rita Hayworth,27991,23457439.5,1940,old,high,low,1193.2674919613455,drama,3
Fantasia,1940,125,"animation, family, fantasy",7.7,96.0,James Algar,Samuel Armstrong,88662,76408097.0,1940,old,high,medium,1160.374403775558,animation,3
The Invisible Man,1933,71,"horror, sci-fi",7.7,87.0,James Whale,Claude Rains,30683,23457439.5,1930,old,high,low,1308.0285254492503,horror,2
Dark Waters,2019,126,"biography, drama, history",7.6,73.0,Todd Haynes,Mark Ruffalo,60408,23457439.5,2010,new,high,low,2575.2171288771733,biography,3
Searching,2018,102,"drama, mystery, thriller",7.6,71.0,Aneesh Chaganty,John Cho,140840,26020957.0,2010,new,high,low,5412.560345109521,drama,3
Once Upon a Time... in Hollywood,2019,161,"comedy, drama",7.6,83.0,Quentin Tarantino,Leonardo DiCaprio,551309,142502728.0,2010,new,high,medium,3868.761024701226,comedy,2
Nelyubov,2017,127,drama,7.6,86.0,Andrey Zvyagintsev,Maryana Spivak,29765,566356.0,2010,new,high,low,52555.28324940497,drama,1
The Florida Project,2017,111,drama,7.6,92.0,Sean Baker,Brooklynn Prince,95181,5904366.0,2010,new,high,low,16120.443752978728,drama,1
Just Mercy,2019,137,"biography, crime, drama",7.6,68.0,Destin Daniel Cretton,Michael B. Jordan,46739,23457439.5,2010,new,high,low,1992.5022080947924,biography,3
Gifted,2017,101,drama,7.6,60.0,Marc Webb,Chris Evans,99643,24801212.0,2010,new,high,low,4017.666555973152,drama,1
The Peanut Butter Falcon,2019,97,"adventure, comedy, drama",7.6,70.0,Tyler Nilson,Michael Schwartz,66346,13122642.0,2010,new,high,low,5055.8416513991615,adventure,3
Victoria,2015,138,"crime, drama, romance",7.6,77.0,Sebastian Schipper,Laia Costa,52903,23457439.5,2010,new,high,low,2255.2759861109307,crime,3
Mustang,2015,97,drama,7.6,83.0,Deniz Gamze Ergüven,Günes Sensoy,35785,845464.0,2010,new,high,low,42325.87076445597,drama,1
Guardians of the Galaxy Vol. 2,2017,136,"action, adventure, comedy",7.6,67.0,James Gunn,Chris Pratt,569974,389813101.0,2010,new,high,high,1462.1725091789565,action,3
Baby Driver,2017,113,"action, crime, drama",7.6,86.0,Edgar Wright,Ansel Elgort,439406,107825862.0,2010,new,high,medium,4075.144792257724,action,3
Only the Brave,2017,134,"action, biography, drama",7.6,72.0,Joseph Kosinski,Josh Brolin,58371,18340051.0,2010,new,high,low,3182.706525734307,action,3
Bridge of Spies,2015,142,"drama, history, thriller",7.6,81.0,Steven Spielberg,Tom Hanks,287659,72313754.0,2010,new,high,medium,3977.929288527878,drama,3
Incredibles 2,2018,118,"animation, action, adventure",7.6,80.0,Brad Bird,Craig T. Nelson,250057,608581744.0,2010,new,high,high,410.8848194434173,animation,3
Moana,2016,107,"animation, adventure, comedy",7.6,81.0,Ron Clements,John Musker,272784,248757044.0,2010,new,high,high,1096.5880427490526,animation,3
Sicario,2015,121,"action, crime, drama",7.6,82.0,Denis Villeneuve,Emily Blunt,371291,46889293.0,2010,new,high,low,7918.460190901151,action,3
Creed,2015,133,"drama, sport",7.6,82.0,Ryan Coogler,Michael B. Jordan,247666,109767581.0,2010,new,high,medium,2256.2763772666176,drama,2
Leviafan,2014,140,"crime, drama",7.6,92.0,Andrey Zvyagintsev,Aleksey Serebryakov,49397,1092800.0,2010,new,high,low,45202.23279648609,crime,2
Hell or High Water,2016,102,"action, crime, drama",7.6,88.0,David Mackenzie,Chris Pine,204175,26862450.0,2010,new,high,low,7600.75867986725,action,3
Philomena,2013,98,"biography, comedy, drama",7.6,77.0,Stephen Frears,Judi Dench,94212,37707719.0,2010,new,high,low,2498.4804835317673,biography,3
Dawn of the Planet of the Apes,2014,130,"action, adventure, drama",7.6,79.0,Matt Reeves,Gary Oldman,411599,208545589.0,2010,new,high,high,1973.6643770489914,action,3
El cuerpo,2012,112,"mystery, thriller",7.6,79.0,Oriol Paulo,Jose Coronado,57549,23457439.5,2010,new,high,low,2453.3368187947367,mystery,2
Serbuan maut,2011,101,"action, thriller",7.6,73.0,Gareth Evans,Iko Uwais,190531,4105123.0,2010,new,high,low,46412.982022706754,action,2
End of Watch,2012,109,"action, crime, drama",7.6,68.0,David Ayer,Jake Gyllenhaal,228132,41003371.0,2010,new,high,low,5563.737674153669,action,3
Kari-gurashi no Arietti,2010,94,"animation, adventure, family",7.6,80.0,Hiromasa Yonebayashi,Amy Poehler,80939,19202743.0,2010,new,high,low,4214.9707466271875,animation,3
A Star Is Born,2018,136,"drama, music, romance",7.6,88.0,Bradley Cooper,Lady Gaga,334312,215288866.0,2010,new,high,high,1552.8531791328214,drama,3
True Grit,2010,110,"drama, western",7.6,80.0,Ethan Coen,Joel Coen,311822,171243005.0,2010,new,high,medium,1820.9327732832064,drama,2
Hævnen,2010,118,"drama, romance",7.6,65.0,Susanne Bier,Mikael Persbrandt,38491,1008098.0,2010,new,high,low,38181.803753206535,drama,2
Despicable Me,2010,95,"animation, comedy, crime",7.6,72.0,Pierre Coffin,Chris Renaud,500851,251513985.0,2010,new,high,high,1991.3445369648134,animation,3
50/50,2011,100,"comedy, drama, romance",7.6,72.0,Jonathan Levine,Joseph Gordon-Levitt,315426,35014192.0,2010,new,high,low,9008.518602971046,comedy,3
Kick-Ass,2010,117,"action, comedy, crime",7.6,66.0,Matthew Vaughn,Aaron Taylor-Johnson,524081,48071303.0,2010,new,high,low,10902.159236249536,action,3
Celda 211,2009,113,"action, adventure, crime",7.6,79.0,Daniel Monzón,Luis Tosar,63882,23457439.5,2000,new,high,low,2723.3151342029464,action,3
Moneyball,2011,133,"biography, drama, sport",7.6,87.0,Bennett Miller,Brad Pitt,369529,75605492.0,2010,new,high,medium,4887.594673677939,biography,3
La piel que habito,2011,120,"drama, horror, thriller",7.6,70.0,Pedro Almodóvar,Antonio Banderas,138959,3185812.0,2010,new,high,low,43618.07915846886,drama,3
Zombieland,2009,88,"adventure, comedy, fantasy",7.6,73.0,Ruben Fleischer,Jesse Eisenberg,520041,75590286.0,2000,new,high,medium,6879.733197464023,adventure,3
Die Welle,2008,107,"drama, thriller",7.6,79.0,Dennis Gansel,Jürgen Vogel,102742,23457439.5,2000,new,high,low,4379.932430391646,drama,2
Sherlock Holmes,2009,128,"action, adventure, mystery",7.6,57.0,Guy Ritchie,Robert Downey Jr.,583158,209028679.0,2000,new,high,high,2789.846842021137,action,3
The Blind Side,2009,129,"biography, drama, sport",7.6,53.0,John Lee Hancock,Quinton Aaron,293266,255959475.0,2000,new,high,high,1145.7516858869944,biography,3
The Visitor,2007,104,drama,7.6,79.0,Tom McCarthy,Richard Jenkins,41544,9422422.0,2000,new,high,low,4409.057458899633,drama,1
Seven Pounds,2008,123,drama,7.6,36.0,Gabriele Muccino,Will Smith,286770,69951824.0,2000,new,high,medium,4099.5357033148985,drama,1
Eastern Promises,2007,100,"action, crime, drama",7.6,82.0,David Cronenberg,Naomi Watts,227760,17114882.0,2000,new,high,low,13307.716640991155,action,3
Stardust,2007,127,"adventure, family, fantasy",7.6,66.0,Matthew Vaughn,Charlie Cox,255036,38634938.0,2000,new,high,low,6601.175340309852,adventure,3
The Secret of Kells,2009,71,"animation, adventure, family",7.6,81.0,Tomm Moore,Nora Twomey,31779,686383.0,2000,new,high,low,46299.22361130739,animation,3
Inside Man,2006,129,"crime, drama, mystery",7.6,76.0,Spike Lee,Denzel Washington,339757,88513495.0,2000,new,high,medium,3838.4768333913375,crime,3
Gone Baby Gone,2007,114,"crime, drama, mystery",7.6,72.0,Ben Affleck,Morgan Freeman,250590,20300218.0,2000,new,high,low,12344.202412013507,crime,3
La Vie En Rose,2007,140,"biography, drama, music",7.6,66.0,Olivier Dahan,Marion Cotillard,82781,10301706.0,2000,new,high,low,8035.659336424473,biography,3
Huo Yuan Jia,2006,104,"action, biography, drama",7.6,70.0,Ronny Yu,Jet Li,72863,24633730.0,2000,new,high,low,2957.8549411721247,action,3
The Illusionist,2006,110,"drama, fantasy, mystery",7.6,68.0,Neil Burger,Edward Norton,354728,39868642.0,2000,new,high,low,8897.418678067841,drama,3
Dead Man's Shoes,2004,90,"crime, drama, thriller",7.6,52.0,Shane Meadows,Paddy Considine,49728,6013.0,2000,new,high,low,8270081.490104773,crime,3
Harry Potter and the Half-Blood Prince,2009,153,"action, adventure, family",7.6,78.0,David Yates,Daniel Radcliffe,474827,301959197.0,2000,new,high,high,1572.4872920495943,action,3
300,2006,117,"action, drama",7.6,52.0,Zack Snyder,Gerard Butler,732876,210614939.0,2000,new,high,high,3479.6961862235235,action,2
Match Point,2005,124,"drama, romance, thriller",7.6,72.0,Woody Allen,Scarlett Johansson,206294,23089926.0,2000,new,high,low,8934.372505134925,drama,3
Watchmen,2009,162,"action, drama, mystery",7.6,56.0,Zack Snyder,Jackie Earle Haley,500799,107509799.0,2000,new,high,medium,4658.170740324796,action,3
Lord of War,2005,122,"action, crime, drama",7.6,62.0,Andrew Niccol,Nicolas Cage,294140,24149632.0,2000,new,high,low,12179.895743338862,action,3
Saw,2004,103,"horror, mystery, thriller",7.6,46.0,James Wan,Cary Elwes,379020,56000369.0,2000,new,high,medium,6768.169688310447,horror,3
"Synecdoche, New York",2008,124,drama,7.6,67.0,Charlie Kaufman,Philip Seymour Hoffman,83158,3081925.0,2000,new,high,low,26982.48659522863,drama,1
Mysterious Skin,2004,105,drama,7.6,73.0,Gregg Araki,Brady Corbet,65939,697181.0,2000,new,high,low,94579.45641088899,drama,1
Jeux d'enfants,2003,93,"comedy, drama, romance",7.6,45.0,Yann Samuell,Guillaume Canet,67360,548707.0,2000,new,high,low,122761.32799472215,comedy,3
Un long dimanche de fiançailles,2004,133,"drama, mystery, romance",7.6,76.0,Jean-Pierre Jeunet,Audrey Tautou,70925,6167817.0,2000,new,high,low,11499.206283195495,drama,3
The Station Agent,2003,89,"comedy, drama",7.6,81.0,Tom McCarthy,Peter Dinklage,67370,5739376.0,2000,new,high,low,11738.209868111098,comedy,2
21 Grams,2003,124,"crime, drama, thriller",7.6,70.0,Alejandro G. Iñárritu,Sean Penn,224545,16290476.0,2000,new,high,low,13783.820681482848,crime,3
Boksuneun naui geot,2002,129,"crime, drama, thriller",7.6,56.0,Chan-wook Park,Kang-ho Song,62659,45289.0,2000,new,high,low,1383536.8411755613,crime,3
Finding Neverland,2004,106,"biography, drama, family",7.6,67.0,Marc Forster,Johnny Depp,198677,51680613.0,2000,new,high,medium,3844.323595774686,biography,3
25th Hour,2002,135,drama,7.6,68.0,Spike Lee,Edward Norton,169708,13060843.0,2000,new,high,low,12993.648266042246,drama,1
The Butterfly Effect,2004,113,"drama, sci-fi, thriller",7.6,30.0,Eric Bress,J. Mackye Gruber,451479,57938693.0,2000,new,high,medium,7792.357345720588,drama,3
28 Days Later...,2002,113,"drama, horror, sci-fi",7.6,73.0,Danny Boyle,Cillian Murphy,376853,45064915.0,2000,new,high,low,8362.447815556736,drama,3
Batoru rowaiaru,2000,114,"action, adventure, drama",7.6,81.0,Kinji Fukasaku,Tatsuya Fujiwara,169091,23457439.5,2000,middle,high,low,7208.416758359326,action,3
The Royal Tenenbaums,2001,110,"comedy, drama",7.6,76.0,Wes Anderson,Gene Hackman,266842,52364010.0,2000,new,high,medium,5095.904610819531,comedy,2
Y tu mamá también,2001,106,drama,7.6,88.0,Alfonso Cuarón,Maribel Verdú,115827,13622333.0,2000,new,high,low,8502.728570796207,drama,1
Harry Potter and the Sorcerer's Stone,2001,152,"adventure, family, fantasy",7.6,64.0,Chris Columbus,Daniel Radcliffe,658185,317575550.0,2000,new,high,high,2072.530457713133,adventure,3
The Others,2001,101,"horror, mystery, thriller",7.6,74.0,Alejandro Amenábar,Nicole Kidman,337651,96522687.0,2000,new,high,medium,3498.1516832410603,horror,3
Blow,2001,124,"biography, crime, drama",7.6,52.0,Ted Demme,Johnny Depp,240714,52990775.0,2000,new,high,medium,4542.564248211127,biography,3
Enemy at the Gates,2001,131,"drama, history, war",7.6,53.0,Jean-Jacques Annaud,Jude Law,243729,51401758.0,2000,new,high,medium,4741.647163118429,drama,3
Minority Report,2002,145,"action, crime, mystery",7.6,80.0,Steven Spielberg,Tom Cruise,508417,132072926.0,2000,new,high,medium,3849.5171977941945,action,3
The Hurricane,1999,146,"biography, drama, sport",7.6,74.0,Norman Jewison,Denzel Washington,91557,50668906.0,1990,middle,high,medium,1806.9661894811782,biography,3
American Psycho,2000,101,"comedy, crime, drama",7.6,64.0,Mary Harron,Christian Bale,490062,15070285.0,2000,middle,high,low,32518.42947893819,comedy,3
Lola rennt,1998,81,"crime, drama, thriller",7.6,77.0,Tom Tykwer,Franka Potente,188317,7267585.0,1990,middle,high,low,25911.908839043506,crime,3
The Thin Red Line,1998,170,"drama, war",7.6,78.0,Terrence Malick,Jim Caviezel,172710,36400491.0,1990,middle,high,low,4744.716218251012,drama,2
Mulan,1998,88,"animation, adventure, family",7.6,71.0,Tony Bancroft,Barry Cook,256906,120620254.0,1990,middle,high,medium,2129.8744736518297,animation,3
Fear and Loathing in Las Vegas,1998,118,"adventure, comedy, drama",7.6,41.0,Terry Gilliam,Johnny Depp,259753,10680275.0,1990,middle,high,low,24320.81570933333,adventure,3
Funny Games,1997,108,"crime, drama, thriller",7.6,69.0,Michael Haneke,Susanne Lothar,65058,23457439.5,1990,middle,high,low,2773.448483156058,crime,3
Dark City,1998,100,"mystery, sci-fi, thriller",7.6,66.0,Alex Proyas,Rufus Sewell,187927,14378331.0,1990,middle,high,low,13070.153969887047,mystery,3
Sleepers,1996,147,"crime, drama, thriller",7.6,49.0,Barry Levinson,Robert De Niro,186734,49100000.0,1990,middle,high,low,3803.1364562118124,crime,3
Lost Highway,1997,134,"mystery, thriller",7.6,52.0,David Lynch,Bill Pullman,131101,3796699.0,1990,middle,high,low,34530.25904871574,mystery,2
Sense and Sensibility,1995,136,"drama, romance",7.6,84.0,Ang Lee,Emma Thompson,102598,43182776.0,1990,middle,high,low,2375.900984225748,drama,2
Die Hard: With a Vengeance,1995,128,"action, adventure, thriller",7.6,58.0,John McTiernan,Bruce Willis,364420,100012499.0,1990,middle,high,medium,3643.7445683663996,action,3
Dead Man,1995,121,"adventure, drama, fantasy",7.6,62.0,Jim Jarmusch,Johnny Depp,90442,1037847.0,1990,middle,high,low,87143.86609972376,adventure,3
The Bridges of Madison County,1995,135,"drama, romance",7.6,69.0,Clint Eastwood,Clint Eastwood,73172,71516617.0,1990,middle,high,medium,1023.1468303373467,drama,2
Trois couleurs: Blanc,1994,92,"comedy, drama, romance",7.6,88.0,Krzysztof Kieslowski,Zbigniew Zamachowski,64390,1464625.0,1990,middle,high,low,43963.471878467186,comedy,3
Falling Down,1993,113,"action, crime, drama",7.6,56.0,Joel Schumacher,Michael Douglas,171640,40903593.0,1990,middle,high,low,4196.208386876918,action,3
Dazed and Confused,1993,102,comedy,7.6,78.0,Richard Linklater,Jason London,165465,7993039.0,1990,middle,high,low,20701.13757733448,comedy,1
My Cousin Vinny,1992,120,"comedy, crime",7.6,68.0,Jonathan Lynn,Joe Pesci,107325,52929168.0,1990,middle,high,medium,2027.7099386863592,comedy,2
Omohide poro poro,1991,118,"animation, drama, romance",7.6,90.0,Isao Takahata,Miki Imai,27071,453243.0,1990,middle,high,low,59727.34272785239,animation,3
Delicatessen,1991,99,"comedy, crime",7.6,66.0,Marc Caro,Jean-Pierre Jeunet,80487,1794187.0,1990,middle,high,low,44859.87246591353,comedy,2
Home Alone,1990,103,"comedy, family",7.6,63.0,Chris Columbus,Macaulay Culkin,488817,285761243.0,1990,middle,high,high,1710.5783655903263,comedy,2
The Godfather: Part III,1990,162,"crime, drama",7.6,60.0,Francis Ford Coppola,Al Pacino,359809,66666062.0,1990,middle,high,medium,5397.183952458449,crime,2
When Harry Met Sally...,1989,95,"comedy, drama, romance",7.6,76.0,Rob Reiner,Billy Crystal,195663,92823600.0,1980,middle,high,medium,2107.9014388582214,comedy,3
The Little Mermaid,1989,83,"animation, family, fantasy",7.6,88.0,Ron Clements,John Musker,237696,111543479.0,1980,middle,high,medium,2130.9717262808344,animation,3
The Naked Gun: From the Files of Police Squad!,1988,85,"comedy, crime",7.6,76.0,David Zucker,Leslie Nielsen,152871,78756177.0,1980,middle,high,medium,1941.0667940369935,comedy,2
"Planes, Trains & Automobiles",1987,93,"comedy, drama",7.6,72.0,John Hughes,Steve Martin,124773,49530280.0,1980,middle,high,low,2519.1256742340242,comedy,2
Lethal Weapon,1987,109,"action, crime, thriller",7.6,68.0,Richard Donner,Mel Gibson,236894,65207127.0,1980,middle,high,medium,3632.9464415753205,action,3
Blood Simple,1984,99,"crime, drama, thriller",7.6,82.0,Joel Coen,Ethan Coen,87745,2150000.0,1980,middle,high,low,40811.62790697675,crime,3
On Golden Pond,1981,109,drama,7.6,68.0,Mark Rydell,Katharine Hepburn,27650,119285432.0,1980,middle,high,medium,231.79695572549045,drama,1
Mad Max 2,1981,96,"action, adventure, sci-fi",7.6,77.0,George Miller,Mel Gibson,166588,12465371.0,1980,middle,high,low,13364.062730262902,action,3
The Warriors,1979,92,"action, crime, thriller",7.6,65.0,Walter Hill,Michael Beck,93878,22490039.0,1970,old,high,low,4174.203521834711,action,3
The Muppet Movie,1979,95,"adventure, comedy, family",7.6,74.0,James Frawley,Jim Henson,32802,76657000.0,1970,old,high,medium,427.90612729431103,adventure,3
Escape from Alcatraz,1979,112,"action, biography, crime",7.6,76.0,Don Siegel,Clint Eastwood,121731,43000000.0,1970,old,high,low,2830.953488372093,action,3
Watership Down,1978,91,"animation, adventure, drama",7.6,64.0,Martin Rosen,John Hubley,33656,23457439.5,1970,old,high,low,1434.7687009914275,animation,3
Midnight Express,1978,121,"biography, crime, drama",7.6,59.0,Alan Parker,Brad Davis,73662,35000000.0,1970,old,high,low,2104.6285714285714,biography,3
Close Encounters of the Third Kind,1977,138,"drama, sci-fi",7.6,90.0,Steven Spielberg,Richard Dreyfuss,184966,132088635.0,1970,old,high,medium,1400.3172945196986,drama,2
The Long Goodbye,1973,112,"comedy, crime, drama",7.6,87.0,Robert Altman,Elliott Gould,26337,959000.0,1970,old,high,low,27462.98227320125,comedy,3
Giù la testa,1971,157,"drama, war, western",7.6,77.0,Sergio Leone,Rod Steiger,30144,696690.0,1970,old,high,low,43267.45037247556,drama,3
Kelly's Heroes,1970,144,"adventure, comedy, war",7.6,50.0,Brian G. Hutton,Clint Eastwood,45338,1378435.0,1970,old,high,low,32890.92340226416,adventure,3
The Jungle Book,1967,78,"animation, adventure, family",7.6,65.0,Wolfgang Reitherman,Phil Harris,166409,141843612.0,1960,old,high,medium,1173.1864244968606,animation,3
Blowup,1966,111,"drama, mystery, thriller",7.6,82.0,Michelangelo Antonioni,David Hemmings,56513,23457439.5,1960,old,high,low,2409.171725669377,drama,3
A Hard Day's Night,1964,87,"comedy, music, musical",7.6,96.0,Richard Lester,John Lennon,40351,13780024.0,1960,old,high,low,2928.224217896863,comedy,3
Breakfast at Tiffany's,1961,115,"comedy, drama, romance",7.6,76.0,Blake Edwards,Audrey Hepburn,166544,23457439.5,1960,old,high,low,7099.837132693021,comedy,3
Giant,1956,201,"drama, western",7.6,84.0,George Stevens,Elizabeth Taylor,34075,23457439.5,1950,old,high,low,1452.630838075912,drama,2
From Here to Eternity,1953,118,"drama, romance, war",7.6,85.0,Fred Zinnemann,Burt Lancaster,43374,30500000.0,1950,old,high,low,1422.0983606557377,drama,3
Lifeboat,1944,97,"drama, war",7.6,78.0,Alfred Hitchcock,Tallulah Bankhead,26471,23457439.5,1940,old,high,low,1128.4692858314736,drama,2
The 39 Steps,1935,86,"crime, mystery, thriller",7.6,93.0,Alfred Hitchcock,Robert Donat,51853,23457439.5,1930,old,high,low,2210.5140674027957,crime,3
